Snake,Nstar,Nnode,sri_final_grade,l_median,b_median,parallax_median,Loga_part_p50,median_pml_lsr,median_pmb_lsr
0,2812,7,Gold,213.3823342557528,-7.358874198162847,3.251608325104426,7.358212132175591,-2.6231469945944723,-1.7048035929229832
1,12081,19,Gold,249.04687578823817,-10.25112776109144,2.745130979572702,7.458849636681242,-5.7707543167723525,-2.226574520016484
2,5612,14,Gold,271.5215544492252,-0.755361698318286,2.3583724118563643,7.596241607526882,-8.501119400993574,-2.004080974818625
3,6883,13,Gold,105.47626870220476,4.050779286683528,1.1323671484174789,6.5647645,-5.856623848482046,0.0500374325136219
4,491,6,Bronze,342.7102986863199,-42.65487759009383,0.5995428217804383,9.620808891891892,-5.505008598225624,0.2695705374606485
5,306,5,Bronze,301.6279327468825,-61.66886009066725,0.7785354228988118,9.656543829113923,-6.350550908668614,0.5742382718505497
6,210,3,Gold,103.16307935915984,-54.05998262639183,0.8954249858400918,9.554356,-1.9489797360704009,-4.443373073926795
7,402,4,Bronze,220.24397853633545,-53.00078901401264,0.7879020637931189,9.648712905660377,2.86138108113427,1.1996696581872133
8,131,2,Gold,265.80284336062874,-38.70239303397744,0.5899729563230623,9.704208288043478,-3.24208843051071,1.378953071968531
9,174,3,Bronze,270.28316790873896,38.311908169639366,0.6073586567112272,9.610674012048191,-5.12492874302022,-3.3018503213002908
10,453,4,Gold,281.74914491176,-34.68685256610155,0.7249906424838198,9.46080098,-7.919001219242445,1.0045125585895176
11,84,2,Silver,298.6626947108888,-33.172256850427345,0.7015540777477631,9.633964739130436,-8.128713024770999,0.2069923620784782
12,444,2,Bronze,257.834593617313,0.5141845367710179,0.4452181483139512,8.245302536507936,-7.512414205795315,0.7476766668845392
13,120,2,Silver,256.88835062892485,-12.18434016888436,0.3638654769497648,7.5357842,-3.513969690910921,0.1899156761282362
14,422,3,Gold,321.68172166355646,-37.10102534652199,0.7885922651465687,9.49461802403846,-5.951352953001067,-3.5992957891875887
15,176,2,Silver,278.7735257993048,-18.17620803466404,0.421485323409841,9.167703102040816,-6.471907178115639,-0.0687013986405193
16,210,4,Bronze,260.3416396406692,10.907937030928045,0.3926555621404161,7.8192126625,-5.63042352631172,-0.1771453247540519
17,144,3,Silver,302.96499049914473,-38.96969225266952,0.8772664280491491,9.5072955,-7.841680555564017,0.8438051240722528
18,301,3,Gold,182.4113832529767,14.054735187439393,0.3865596187292638,6.651139,0.9283588773252064,-0.2506815175588386
19,126,2,Gold,298.3538311750864,73.62667435398009,1.104890810127278,9.7732284625,0.6843906677853915,-4.369458556025307
20,133,2,Bronze,113.74941196504837,36.59284006383881,0.5139419320442349,9.516637,-2.0603688520610604,1.8486342634192208
21,106,2,Bronze,346.248401583327,13.592534656203538,0.4533477659868352,8.289548,-2.24990959014597,0.1187928411859693
22,265,5,Bronze,256.652480628591,19.83660804009599,0.4658113955676268,9.032649546511628,-5.794734199552245,-0.8051971458040683
23,254,5,Bronze,46.33525384676598,-39.17961062847186,0.843367626457771,9.66296456716418,-3.134759409777708,-2.163339860404994
24,164,2,Gold,302.30331674103377,15.318827711662058,0.4565606598124293,8.045200024719101,-6.885309277384376,0.107918116578392
25,128,2,Silver,353.7710415512447,-10.747063250268358,0.3736734684170572,7.930645,-1.7438484127506777,-0.1060525801400534
26,156,2,Silver,323.9407262644979,39.39324868160909,0.6016987283222868,9.266516623529412,-5.051875815547307,-0.1941079289003056
27,197,3,Silver,297.24975091721086,47.95493076144954,0.826338186404354,9.69055747368421,-0.7380589658565611,0.9273477852462686
28,314,2,Gold,340.4521948964675,70.54507940287476,1.0363440640498878,9.726847244444444,-0.4037016111479025,-2.0134033854622677
29,140,2,Gold,319.51296800373075,73.55180705858433,0.9786879801305156,9.703613285714288,-1.875467265547888,-1.5435414421483815
30,229,3,Gold,271.1159096623282,-21.23516978565653,0.467570217190062,9.068268,-5.735184516082056,0.6810133524600296
31,228,3,Gold,262.49574040003887,-24.31775489815751,0.5106176932536086,9.392732565934066,-4.982211999358565,1.3901434903308665
32,94,2,Bronze,313.7167603708192,19.374747235667456,0.5426586192840004,9.549103,-6.219653838311695,0.3593198893826957
33,196,3,Gold,302.15465442703226,-11.465770231078576,0.4442681926362439,8.848317,-4.8968527997104445,-0.9444285800386508
34,158,2,Silver,79.17978183393997,39.12802760095353,1.12044224317978,9.8580453697479,-12.074122007383908,-1.420638403068392
35,146,3,Gold,259.1507066182968,-10.673672526588572,0.3854108816295704,7.664452133333333,-4.413495464451948,0.010254167131615
36,383,2,Silver,105.36873167143524,9.460279330160953,0.4108132674747775,8.142862,-3.9750935950249016,1.1953043876560714
37,178,3,Silver,328.5121407047577,28.6094596262813,0.6844190802711434,9.626729673913044,-6.235422939043145,1.4917885503210186
38,103,2,Gold,352.03615783293674,-12.997605777312378,0.4398300798629153,8.067713,-0.6146072226244732,-1.824666166803228
39,305,2,Gold,223.5668741773772,12.168528088067609,0.3641304110932398,6.644326,-1.4076239638920882,-0.7544536514160863
40,310,4,Bronze,289.4126028369035,-43.98711208233903,0.9967299501109448,9.8073369875,-4.976920322276755,0.1100987684635386
41,436,4,Gold,254.4849220429724,-31.616267292421927,0.6253539796416945,9.530288155172414,-2.3215024249475,1.8337924815785087
42,210,2,Silver,267.2987127675418,-13.47742935377665,0.5601581836592484,8.948437461538461,-6.660932358466454,0.53591240452958
43,334,4,Bronze,320.580727048647,23.058671010549794,0.7579745821806964,9.5637306,-8.33468912843778,0.5956995657358893
44,364,4,Gold,29.50809050761996,-23.41038966611579,0.5611852121728766,9.4215481,-3.074245508484381,-0.4343738181121843
45,339,2,Gold,104.17624180582676,4.675321601593228,0.3699112902684162,6.7962008,-4.737530262396542,0.2585663143011463
46,305,3,Gold,290.49849858124617,16.865795777727815,0.6061601071728583,9.116313409836064,-7.3349339685370145,-0.153294885290225
47,393,4,Bronze,72.75248782060487,36.252794688248336,0.6937866653918466,9.68027701724138,-3.0887685203152566,-0.0051329012865503
48,215,4,Gold,324.61176411871986,8.915093850128052,0.4574364407021835,8.904387794117648,-4.254945533914299,0.7521353834812198
49,625,5,Bronze,13.34025124377991,33.04681248315113,0.8699899394224873,9.407393794117649,-5.731065157649755,-0.3196474455567544
50,78,2,Bronze,127.19240960185104,7.383817378414791,0.482507069892743,8.458787571428571,-4.251519560770503,0.4624198291932001
51,327,6,Silver,236.63582225287945,8.004564579088974,0.3839406769813164,7.1767823625,-2.922179517841527,-1.0836262187677894
52,400,4,Silver,302.90042465299206,-18.889728386974312,0.8037419218403354,9.407068,-1.5599767345939823,0.0340066418186887
53,292,5,Bronze,329.661898586829,-25.35574994250841,0.7538016583161519,9.54652494117647,-7.15522006870868,-1.008562205879759
54,121,2,Silver,212.6016091014694,23.45963989294869,0.5749367388845763,9.064528,-0.7370866531188459,-1.362445260344593
55,517,6,Silver,328.0031047893146,-14.130178356328903,0.5822647418580384,9.395005617647058,-6.297306675728479,-0.679683606802597
56,161,3,Gold,125.30748459430563,20.928794536061115,0.7058631822944151,9.47502202173913,-4.395729003881391,0.634607110281657
57,172,2,Bronze,308.9082623179867,-11.111332495826236,0.4789148214188157,8.809512,-4.7190096800837615,-0.6563396734834857
58,1052,3,Bronze,205.94517796043692,-12.552018690295675,0.89674828842855,8.996546,-6.01205962636408,0.3463349914173304
59,134,2,Gold,75.87775375990992,-11.76842875795506,0.4250627274768266,8.829764957142858,-5.069745383181876,0.390966497797556
60,145,2,Gold,324.9462110012982,13.828701060301366,0.5289059095633637,9.118412631578948,-1.863784446956739,0.1542490908969767
61,244,4,Bronze,72.19604532334989,-10.677152327146985,0.439536413265807,8.82140347368421,-7.236954243603556,0.445660822373638
62,114,2,Gold,321.86632858796645,13.23262330797677,0.7015087400260152,9.324170957142858,-6.27584787953141,0.8622684974928322
63,353,5,Bronze,276.5883555925214,-38.49622990903787,1.4059763040990152,9.537332452380952,-11.490038062240998,0.5246087565855189
64,94,2,Gold,128.0562587920602,32.79960177412976,0.6541882990617967,9.42001780909091,-2.559649028225352,1.6324199183596289
65,199,3,Silver,268.6736182807555,3.2175683381838653,0.4396022040202518,7.772988038957055,-7.296050861250352,-0.6117259301599863
66,979,5,Gold,235.4534211078467,-1.977568110311102,0.3533266111938842,6.944864,-3.823100722529313,-0.2156517009282561
67,243,3,Gold,80.00781872899479,8.282750407894493,0.5117029765412858,8.40221,-7.708998447683098,0.0662173647331191
68,185,2,Gold,274.7926062287957,20.77832682333968,0.8169515973447178,9.403542138686133,-8.588023130316301,-0.9754699095178344
69,226,3,Gold,294.0000001536739,-4.068377036839239,0.3524597437034823,7.154523261290323,-6.258983635261672,-0.0564880049253977
70,1272,6,Bronze,73.95937307332065,8.486946936631448,0.389575613529581,8.60227899,-5.302058394987847,1.060533938337474
71,180,3,Gold,111.47314189886478,-10.844029005173542,0.4692074618581163,8.46652219047619,-4.224906820852433,-0.129971936066088
72,165,3,Gold,110.11591260823612,-14.226270652604704,0.4741021915136946,8.731153477777777,-4.2215567652964,-0.4433442501982875
73,290,3,Gold,237.04377002644972,-13.32926075928235,0.4894691821346189,9.446494838709675,-2.3935578719028303,0.3934200071358738
74,178,2,Silver,225.35961615432208,-32.77733802925168,1.1120420483967004,9.340829,-4.160688027976951,5.0472156878625
75,419,3,Gold,143.9635143704363,-9.407585241528825,0.3478514504171137,6.671774839552239,-0.459731738486316,-0.6955166672640518
76,387,3,Gold,213.5060060686388,10.752367090865366,0.4417671307506544,6.928982,-0.96585798019487,-1.4667658407650424
77,239,2,Gold,311.76477168482177,-20.78194184217522,0.5849410654308669,9.338083,-3.799725771865879,-1.1930804859441064
78,242,2,Silver,317.7890070150263,-14.122030508308102,0.503617902876782,8.5722065,-2.19937937315508,-1.2639934252701783
79,780,6,Bronze,295.1484063344926,-48.820081969666354,1.5740653714830029,9.412032835913314,-10.413625835889258,-2.1611769745786957
80,365,3,Gold,117.99277825926714,-9.94200360107016,0.578114989935835,7.192556461034483,-4.1742625891644645,-0.2073151488284084
81,145,2,Silver,277.24444100554234,-12.253059445176689,0.5984241118190599,9.079833,-7.2856815300249,0.0019743367625632
82,153,2,Gold,275.44183000708153,-12.36177937036332,0.4694542653269806,9.277528,-6.919913232539232,0.273315637793466
83,89,2,Bronze,183.9711568197553,14.245551056675865,0.6445355678201132,9.00147267,-0.5058736485574888,-1.4549628820227711
84,148,2,Bronze,46.647986412735776,7.805196911003861,0.3783702797781962,8.063488242268042,-3.850510347898086,-0.34359908099221
85,245,3,Gold,146.04020812131117,2.9022363735453545,0.3597595174728106,7.161352451136364,-0.2635523841316569,0.4067647734654094
86,190,2,Gold,95.96634272413282,19.295721705273323,0.659231111301541,9.494418,-7.687829291672264,0.7925583927319815
87,153,2,Gold,212.7001331216007,38.51335104261832,1.0174009622925042,9.466743,-2.269124802543713,-0.6169509439885714
88,481,5,Silver,80.36292786944942,19.12154882291855,0.6048575447901727,9.5402593,-5.036625926005653,-0.1673680864242335
89,268,2,Gold,321.37188630751393,-2.2139635007331586,0.3269199815691085,6.4647884,-4.596026699249418,-0.3356386814595944
90,211,2,Silver,43.8455109240336,-8.98727551827441,0.4806905276637449,8.684328,-4.681840498825039,0.2325671644765001
91,387,4,Silver,296.0464463043692,-7.25301497019433,0.5221737996933293,8.605286428571429,-7.065003270237959,-0.3000604032477021
92,194,2,Silver,229.4064456153428,1.8723130914510788,0.3438189348768737,6.8940926,-2.2339181504191097,-0.1461331630644154
93,118,2,Silver,241.51438185024185,37.53594645046526,0.8131357361594096,9.495035,-3.252727475666993,-2.0650279131351565
94,192,2,Gold,304.7379777954268,-16.01702375672486,0.9626390091964332,9.196727628318584,-8.354694662522267,-0.4678843186283729
95,439,6,Silver,253.38646704778148,61.51985692113072,1.958772964870554,9.354288339506171,-3.928232519256202,-3.823627691923559
96,195,3,Gold,253.3259913076644,45.57846672627516,1.25262405864805,9.642428694,-7.120759561642108,-2.506290481864946
97,799,3,Gold,27.300098982315124,-2.772097981954833,0.422777538232515,7.727803,-3.96605756435664,0.1526162594078161
98,302,3,Gold,202.7765010321346,-23.071574416169085,0.7448073434024339,9.409124,1.8238993495587288,0.658809339899829
99,295,2,Gold,306.6283729285924,-32.88144327267036,1.4603604869820357,9.477529931818182,-10.603365793681087,-2.106253128614441
100,99,2,Silver,203.30037859641448,5.772125378487941,0.4344699022812439,6.8607925000000005,-0.3016565915897409,-0.2757249165654662
101,226,2,Gold,155.51967952574353,18.592431046336376,0.5273902760796468,8.836338564705882,0.1770186002658962,-0.1825198043710806
102,280,3,Gold,59.01166060449076,55.444884626647394,1.4446719122903682,9.675955,-2.4015565978309423,-1.589833107951617
103,101,2,Gold,222.88778280926505,2.498160017352524,0.3563598587147675,6.866813596825397,-1.378396699252154,-0.3359597446455865
104,105,2,Silver,4.948797808016714,24.76209486239824,0.9877130517583268,9.336996,-2.1139388160951347,1.1196949445658633
105,177,2,Gold,131.63192009686813,29.525216004062887,1.169518938235488,9.373889788,0.6688659251169113,-1.056510892493846
106,175,3,Gold,113.91386937659536,27.282562457161315,0.6492075383582094,9.34569862820513,-4.028295715141919,1.6132866255976888
107,332,3,Gold,213.51042017069645,15.928822635335388,0.551717588838589,8.746706703056768,-0.8980413016804074,-0.0680652726532425
108,248,3,Gold,219.42786175783544,17.47082436773477,0.5768076324629083,9.079595023809524,-2.124865533719002,-0.5733575715549972
109,183,2,Silver,85.00715426932759,16.91335337471643,0.7029988292495514,9.425781,-1.9157968747413,1.8336846611394075
110,317,3,Gold,136.51250035175863,14.689781292674189,0.5527080478321478,8.941588,-2.5546246935313763,1.657135174409524
111,1686,3,Gold,339.11832769975297,-17.102263201772747,2.2784019131702147,8.638354,-14.15677520868515,-7.937161606005812
112,119,2,Silver,56.9715879594108,29.072711707529496,0.9788184463150486,9.392560729729729,-1.317978729151363,1.6524978552760563
113,269,4,Gold,68.64871227572307,27.901640229371512,0.9958242513252,9.576576857723577,1.1054860972484015,2.062933026062624
114,227,2,Gold,97.01284514185188,57.15940598465484,1.4421208948143878,9.362945398395722,2.6378552977410066,1.3909240301091068
115,123,2,Gold,128.53039759589865,18.291898268070533,0.6042557665206787,8.747511,-2.6782465506550417,-0.4339172284719845
116,234,2,Silver,189.02881516793803,24.88782400851659,0.8466194951261639,9.453714181208056,3.167896601742662,-1.969652482553424
117,325,4,Gold,168.28879706365504,19.65930339341061,0.7988410749941349,9.41290930479452,4.44241866351236,-2.1512448152928423
118,416,4,Gold,171.0877627012779,16.31081261764722,0.5486792975941047,9.199406156626509,1.1024263348393952,-0.8937441241053607
119,165,3,Silver,113.66881303732292,49.570541558348985,1.2198129509423514,9.661910041666667,-4.704143515564587,-0.3888060218127169
120,425,3,Gold,148.5574922591403,59.96365870630051,1.3973386664316796,9.512927947080293,-1.8051170260000964,1.8569852852096207
121,1097,7,Silver,198.41370553399665,18.560774619380204,0.6316093483600949,8.903385712177123,-0.6624663248578575,-1.6748862076404305
122,247,4,Silver,277.0921197703266,18.506634449871285,0.7662839417173553,9.456436173913044,-5.015040022915777,-1.9989817681685185
123,205,4,Silver,295.5810195824749,37.60961482745466,1.547835047496239,9.50962007,-12.05815155258932,-3.15860701185364
124,441,3,Gold,176.9482114382225,20.548655596642053,0.5713029366487057,9.07099183206107,0.9425209121334585,0.2387276486446878
125,150,2,Gold,176.45546904542192,25.83785532625226,0.6752292359444463,9.50649852970297,1.7980158956994832,-0.7152802907723642
126,264,2,Gold,175.35701366764755,26.765505899625303,0.6335701695039424,9.23716456281407,2.45776203543952,0.2581069364047954
127,281,3,Gold,140.27464298575478,23.55060847904185,0.7271889207062922,9.31391054854369,-2.654097861723072,2.161176892536774
128,1641,12,Silver,132.62578618650144,22.69776782579428,0.6965587605411571,9.493547295454546,-1.3666378741022975,0.9470846154963702
129,664,4,Gold,147.1178529795002,19.32778049010481,0.5883032562951196,9.369752545454544,0.8356836906524227,0.7461384705009511
130,221,3,Gold,146.57314401149517,24.898268276845545,0.5692031679900578,9.257689876811597,0.291808363784404,0.9069330788816116
131,267,4,Gold,179.07621902874948,30.946802225763573,0.8610943789447651,9.462655833333336,1.2596714284127786,1.0361819072517462
132,1030,5,Gold,157.4212077550841,24.80843279019055,0.7239314460169919,9.28930168797954,1.0562225563442145,-0.0251221881221503
133,443,6,Gold,162.86692155348118,28.071861162250087,0.7017551382213674,9.501440236111112,1.1976031888589331,2.0773373759861915
134,201,2,Silver,44.141916091929154,18.08967524906854,0.9263442518994286,9.025410674342105,0.8724685684334452,1.5180919066082748
135,446,6,Silver,326.3944399936449,2.8931825742352864,0.505084873196637,7.593289171875,-4.862513873690004,0.0879614111161256
136,486,4,Silver,184.1237816226191,2.153644458977148,0.342969592360046,6.6436872,1.08893136802194,-0.1279848271491996
137,426,4,Silver,51.89250079785094,19.39761596087772,0.6171079123740675,9.387100946107784,-3.81188903912634,-0.6527532295268046
138,255,5,Silver,341.6539462515071,-5.487518283494588,0.4354332874660214,8.517387236842106,-2.7457240817480937,-0.8952436371463912
139,5073,8,Silver,76.25669433477387,1.423227697301119,0.543403973609769,6.509315,-7.187797005173377,0.0860082023440618
140,286,3,Gold,43.36090481348539,16.144154976930388,0.8389396624042231,9.337848879629629,-3.144141965826509,1.4460658608805863
141,111,2,Gold,41.41345563881832,13.261438080847196,0.6270766307342232,9.417148,-4.912052568040367,-1.4571488972824862
142,317,5,Bronze,274.26816446761967,-30.98444255908121,1.352616614793157,9.395762390625,-1.0573701385195011,0.7946373177693574
143,335,4,Bronze,14.395248911827377,-28.716989668845702,0.8511162865357714,9.676579175,-4.299367061248846,0.7062729689138052
144,393,5,Gold,349.40024789368255,-19.32707245818716,0.6179128007855461,9.547192677631578,-3.1864137977290854,-0.4244551397689884
145,193,2,Silver,344.1549293257303,-16.077875755287167,0.5922787077407644,9.401173,-2.036925679941145,-2.0918317544407903
146,248,3,Gold,288.2014990785001,-6.621809413977775,0.4961390360656558,8.886968099099098,-7.882309314344379,0.617109536233845
147,137,3,Gold,91.50816418510696,-14.961901617498432,0.5621290916381506,9.296123104651162,-7.74603606970644,-0.2763974326032956
148,415,5,Bronze,246.5280244748645,-10.565134877670356,0.5015780450851554,8.965545307692308,-3.558667721529449,0.7192296264573163
149,820,3,Gold,79.31006418555413,11.911167990856065,0.8613693059819494,8.727728333333333,-10.633695448000193,-0.2137103535040603
150,524,6,Bronze,317.2125999286116,-9.675093964802398,0.4972666356340252,8.386573673366833,-4.291926918685625,-0.4124117105926859
151,284,2,Gold,186.3371148254322,-11.080246450930808,0.7064982677113796,8.966342,-1.5663475305496817,0.4294447338809928
152,397,3,Gold,193.26295035823983,-5.237726928436704,0.4681102814706619,7.074055903830645,0.044125443175276,0.763594975027958
153,286,5,Silver,250.45622116472583,-29.05944656701387,1.0034175051259178,9.622861,-4.420546989237815,2.248454532370638
154,764,5,Silver,184.23624849379704,-8.788621817419386,0.5565740804247705,7.777020669172932,-0.0149327940701124,0.5250084977310598
155,538,2,Gold,194.5433306011406,-10.031967584654469,0.4967056549892267,7.362152,0.0239405975836409,0.4125500647992132
156,123,3,Gold,103.53749083755652,6.922790432509748,0.4645809484762245,8.607723239130435,-2.5848912326596416,0.3195830166968129
157,177,3,Gold,319.3893798969143,-14.88109033808164,0.6324432116465167,9.445819365079366,-4.838017323230478,-0.584211189678686
158,244,3,Gold,92.288372272102,12.510683369938125,0.5697815850712752,9.183297115384615,-6.624884311530896,0.1889730153129115
159,161,3,Silver,46.87257766545986,-14.100863010451675,0.6513000169120167,9.507748375,-7.518094029268728,-0.179773469879624
160,201,3,Gold,264.0783727749741,7.629359216179852,0.6810874588402127,8.542417659090908,-8.717505649045606,-1.1384829934726737
161,140,2,Gold,293.49028395942264,-29.38566449076318,0.950656663500673,9.604649088607594,0.0920017251445053,1.0752588313572324
162,417,4,Silver,273.5740961929793,-21.43839670297177,0.8398678157655296,9.469480361313868,-2.208664701984413,0.4296910055456949
163,188,2,Silver,52.27946285561985,-11.483076366280848,0.5290053415427718,9.36356374125874,-4.9535168781762255,-0.1629650047367782
164,205,2,Gold,125.2007592072556,-1.2225402001109458,0.3504602015078034,6.9801044,-3.05609929115041,-0.216217890525351
165,620,7,Bronze,97.60161450632134,-25.5628882781398,0.8742943367215874,9.412218471153846,-9.14556476507007,-1.8381367297517408
166,161,3,Gold,309.19721869093803,-23.05517066717295,1.3194608450948615,9.088123201612904,-8.472372893222245,-0.1910903211857457
167,650,6,Silver,169.3464641634076,5.0543472611678695,0.3703313198030766,7.274141424475524,0.865237535118708,0.1782899559706125
168,458,7,Silver,295.1259169823724,-23.09649981845353,0.9876068991976632,9.245573072727272,-3.5802652364404217,-0.4903148472028673
169,412,4,Silver,130.2013307237749,7.009762241378556,0.5565752403787927,7.787403289312976,-2.1799476452603663,0.6757346072192794
170,202,3,Silver,169.09095335476172,16.108984538837202,0.7544473495568031,9.25674873846154,1.408850859051599,2.938445723151456
171,166,2,Gold,339.1261292259794,20.613095765527376,0.7334535384983522,9.663165,-4.019004926250025,1.250409954134231
172,177,3,Gold,28.88118580650598,-11.163862994271188,0.6040894017981823,9.158484893939391,-4.010993672669469,1.220059627828466
173,393,6,Bronze,235.97201509001567,14.88459183262992,0.5801139062466141,8.882194413043479,-3.0082585650682594,-1.1717916873286076
174,149,3,Gold,85.63682613619437,4.421695630184364,0.3655923095984283,6.767571038732394,-5.720451630896981,0.0671939291977758
175,161,2,Silver,282.54706722646773,2.585363726885141,0.3712266037896873,6.950430651388889,-6.723439152956883,-0.118758739670145
176,137,3,Bronze,294.5092602623233,-8.419450641898417,0.6286142003922848,9.04290668181818,-8.121098399830375,0.380279313746706
177,765,10,Bronze,89.88458524331458,8.380497982343709,0.5471709245666291,8.876744159574468,-5.9044521027554495,0.1269336239090788
178,871,10,Bronze,278.33196864890726,8.116840112516035,0.627330642660049,8.799648987603305,-8.32039610418088,-0.3467014422918979
179,159,3,Gold,48.45991531178113,15.601763022754902,0.6648809360816595,9.364837395833334,-5.352812953289018,0.5138643174208825
180,388,4,Gold,63.699125689668975,-9.420981602114423,0.4769151424670903,8.6342758,-5.246226173703718,0.3231762416017347
181,100,2,Gold,308.5316206046592,-15.61397935791473,0.560334735830947,9.469740296296296,-3.472200184138144,-0.8420107824734129
182,594,4,Silver,57.68063472454281,-2.2504168213962674,0.3719941733588594,6.680513723127036,-5.694058573399406,-0.1279794550026218
183,390,2,Gold,112.24435558241063,6.922399528454692,0.6615721692113263,8.769192,-6.467022018648871,0.6199945161655498
184,706,6,Silver,78.71082667392021,-3.3891376296544444,0.3419790985039482,6.607897324279835,-5.871146975561709,-0.0393864111723089
185,257,3,Gold,262.999915824555,-9.659664446393768,0.4433197384245967,8.52414,-3.060539943052312,0.0606266585245572
186,752,4,Gold,76.09086636070819,-3.9072465999929857,0.4563544534040734,7.000521501515151,-5.369885586356013,0.0275633097996478
187,178,3,Gold,326.9029647010744,15.615203236822058,1.1265585784311267,9.372235780487804,-6.985180554433331,0.3225678608868458
188,294,3,Gold,289.64401612405214,-22.13006124371177,0.9681753253663268,9.4809671875,-8.800953254266044,-0.1416000717400134
189,313,3,Gold,199.83682017293384,-1.5614534996229552,0.4403463309665534,7.306136345077721,0.1493377845467299,-0.4122197319245607
190,103,2,Silver,288.16273418204435,-21.652184519291257,0.8444418860136115,9.419868458333331,-6.7225668478642175,0.3592253823215822
191,165,2,Gold,282.5561090136258,-21.52042807813526,0.7731049506170089,9.464689,-5.349730960986255,-0.0739068605860021
192,193,3,Silver,75.61270342644553,17.880956927960316,0.7991791758275335,9.362659246268658,-7.738550903723686,-0.3986130813938679
193,264,3,Gold,313.38024873493185,-12.841387960915108,1.0062686788221198,8.317367,-1.8352752078141497,-0.1954234341136476
194,510,8,Bronze,51.3920772195858,26.48194156774348,0.9297613205416642,9.606217914285716,-2.740821179039655,-0.6506308166894211
195,158,3,Silver,125.90113100303049,12.113093519865105,0.8394087286184733,9.459260552631578,1.994180552183708,0.3993634424648655
196,420,3,Gold,250.41182210292573,10.527051736675949,0.7343152585789972,8.958896,-3.979612476304101,-0.787926201233159
197,565,3,Gold,336.7240162846607,-38.33441691089037,2.684233738124914,9.2724085,-19.25208241035476,-6.839696211413129
198,356,4,Gold,267.88650773986615,-18.23609545905514,0.7267956631924081,9.441829026315787,-6.011064138098641,1.199090603240911
199,121,2,Gold,96.51173530630588,-5.353853729854514,0.5846633396674751,8.758893,-6.09450565891312,0.1237049957737919
200,179,2,Gold,49.551664584378585,13.232124435230956,0.5336768018416721,9.111439372340426,-4.179909219884724,0.1109886223456786
201,338,2,Gold,319.5825910671671,-5.787679582098427,0.488844843595805,7.0528595291005285,-4.107451924214093,-0.687201424914699
202,158,3,Gold,281.75543250732505,-13.638960796474803,0.5760534594311735,9.35410275,-4.390698920112335,0.5031950888403429
203,1069,3,Gold,299.7291756861104,0.8478823947609692,0.5328724278906035,7.907207,-6.167836386419287,-0.2611362985790968
204,314,4,Gold,186.61820478669256,0.449091550400065,0.4887700291456904,7.312202791428572,0.7413604863069485,4.125724385087E-4
205,346,3,Gold,359.6860696277738,-0.4074135752280758,0.501085116949971,7.1893654,1.171647047447527,-1.1124794896999293
206,494,7,Bronze,294.6171638333374,-8.035274719310998,0.5828233979710922,8.767619208333333,-5.70158448324584,-0.4074682357596125
207,248,2,Gold,291.4829023745674,-11.029818049232013,0.6855428041204275,8.887206,-7.22983582563611,-0.5906943090763519
208,255,4,Silver,303.4385132053977,-8.147473968577087,0.5652195823236357,8.757199203389831,-6.082705888109246,-0.3895727796789576
209,171,3,Silver,337.5756100959066,10.117907596871069,0.6961592346395545,9.15095745,-2.5410170070196,0.2822945585290258
210,124,2,Gold,207.34861105570093,-35.805421457180046,1.2306551143704303,9.413735,4.003346360101412,3.365451751993299
211,101,2,Silver,154.2001292495139,-32.86471719637631,1.134112361545986,9.462441946078432,5.254695888700914,-2.071631134198937
212,805,6,Bronze,101.10591622242453,-4.069258815238071,0.3850360880195657,6.9008465,-5.18306479716887,-0.2186183793344991
213,423,5,Silver,179.14786613744013,-35.981087604813695,1.266550328077445,9.633508866071429,1.901031593179201,-2.6225790637731405
214,118,2,Silver,133.6088319201644,-24.601750572568225,1.1177612953834526,9.037533,-2.518575990082831,0.3700227298785215
215,81,2,Silver,5.060411080687161,-17.060103304645693,0.647730742438221,9.427881,1.1857826923997763,-1.097838871984164
216,111,2,Gold,44.43268079453981,-11.049159199317364,0.8427064968566094,9.317445928571429,-6.553905810574296,-1.168499388053624
217,195,3,Gold,229.95469633687784,-14.97866244219482,0.6154782778723266,9.351754,-0.7358419537635337,-0.1751897500981781
218,338,2,Silver,260.463616756262,4.943837050960857,0.5572271749219924,8.246031,-6.401987177601827,-0.9536519406049192
219,358,3,Gold,345.051732366996,-1.2357358615043263,0.3748151975234115,6.568250446428571,-1.7422565216155783,-0.2178618571367071
220,180,3,Gold,52.65407141164923,-4.369390492837475,0.4070358582107057,7.071317509433962,-5.220607265770077,-0.001509028729625
221,306,3,Gold,272.6843694495685,2.906901285787133,0.4306261497627682,7.615028015625,-5.35230206136965,-0.3291477026027241
222,129,3,Gold,244.94503647500983,-10.311540556302049,0.6592187950131442,9.033888932291667,-3.4607412270079774,1.5026812624944177
223,710,4,Silver,311.9470145173033,-1.921637411472561,0.35955529722014,6.870184422641509,-4.9387647608622425,-0.2543651675034024
224,365,6,Silver,25.346731420118,-4.15663189949,0.4521998366950251,7.152854741129032,-1.522241557438667,-0.0212869563262118
225,95,2,Bronze,92.10357487754835,0.6545567664422202,0.6314701310879113,6.991261,-6.018886317384883,0.2098569822036396
226,160,2,Bronze,287.3214124723588,-14.119885287078011,0.8129848967078579,9.132415,-6.355384466602235,0.4691052351393994
227,89,2,Bronze,64.03054911365437,-5.50766030389201,0.6608386804869913,8.642796,-7.430203777165762,-0.1215297796862799
228,228,2,Gold,234.5980042915818,0.8413183771821389,0.4057325485202331,7.41016,-2.8122299785968146,0.0330773901719214
229,288,3,Gold,24.42426727346986,-10.908874544097882,0.757688312153312,9.23775753846154,-4.552548482064635,-1.4125384179654756
230,296,3,Gold,43.79873792574926,-10.061581344208475,0.7152688123466076,9.141315,-4.316656424325014,1.4030485856847716
231,609,6,Bronze,256.13627584746666,-13.897403538229105,0.5559692247568659,9.104282911132811,-4.424460687360856,0.2113594128059274
232,335,5,Silver,224.6531395298486,-19.57462677465007,0.82125210854145,9.442695779069767,0.4150355068319789,0.9569995033192236
233,1237,5,Silver,73.43506069566111,1.662874283778021,0.3636587865207889,7.140763651351351,-5.689315791739836,-0.1783276280171327
234,877,5,Gold,65.7213305964781,0.2072065291797732,0.4052703539214759,6.829563874415888,-6.281220995553732,-0.3158180214374051
235,122,2,Silver,329.1791585474301,4.4813293845263455,0.5146698339496342,7.7143974,-2.723616400378182,0.2047542863226998
236,405,4,Silver,318.67308595497485,22.66404674190996,2.420024042744142,9.353016396907217,6.535490061451432,-3.1237938792098454
237,931,5,Gold,37.71509120024525,-1.6830351150325953,0.3687146169672559,6.521274188194444,-3.389562347229196,-0.0403385800803477
238,163,2,Gold,344.1511912188277,-9.211864261010204,0.505733031721296,8.75314,-0.2910729319084317,-0.0499961677730845
239,160,2,Silver,80.76674658432853,-12.220437445357126,0.5161125988123105,9.245781,-4.205263336111185,-0.5313911822121962
240,94,2,Bronze,87.45222197799526,-12.25802803527402,0.4819046184992344,9.379128,-5.37268877147533,-0.021567304697403
241,244,2,Gold,88.97217077218039,-12.33893458062172,0.5560371776741337,9.223254962162162,-5.199253525943279,0.2981307135318856
242,410,3,Gold,94.39444269404204,-12.01584024286718,0.5409714033844935,8.700571,-4.214506205296091,0.1805005202968755
243,107,2,Gold,319.1295820668475,-6.218001492582795,0.459237134460398,8.656687,-3.345709224439513,-0.5960686494135184
244,100,2,Gold,319.33627803784697,-5.973305627363163,0.527417433750313,8.846921,-4.346059590015049,-0.3590050407449441
245,159,3,Gold,164.27069942126602,2.4249307533265654,0.4721838228524715,7.294781732142857,1.3625687566554578,-0.0904770365909599
246,928,6,Bronze,101.74903647206976,-35.66855868755776,1.3188843269589543,9.304364,-3.708763706874721,-3.349720518845519
247,515,6,Silver,114.26035623027953,-27.64578183549752,0.9301231917195756,9.400018200787402,0.757710353822429,-1.99656167406874
248,216,3,Silver,298.94909819500333,-8.058702020100114,0.602464865571197,8.801156865384616,-7.029260228524334,-0.8971162233706984
249,645,8,Silver,266.4584217758454,-24.410775254568623,1.151695841019623,9.232245976190477,-6.804368338272708,3.384494083009626
250,250,4,Silver,297.3314581929199,-2.593593725401018,0.4371497330583893,7.225316406779661,-5.674856001184817,-0.342261391881791
251,218,4,Silver,290.4143434717656,-15.174550301673976,0.7194130915090742,9.056793029411764,-7.694950678506469,-0.2212328203490038
252,360,4,Gold,167.34969890852878,-11.664553874627517,0.6164706164669571,8.828338955,0.1245539749655054,0.079672023113101
253,581,4,Gold,210.779581014958,-0.1803009820424298,0.4793439081603521,7.19921,-0.5006337085306156,-0.5200751068379635
254,393,4,Gold,116.45152373805028,8.560401373481744,0.5828739721879123,8.789344933962264,-3.657503388004367,0.4149299933869539
255,649,6,Gold,301.3180575786764,1.8836491247000728,0.3623124383744986,7.071825937888199,-5.121498765178501,-0.0400269638828725
256,333,4,Silver,265.8346519807794,13.354010806647342,0.6593152737013545,9.221166630208334,-2.911570714928667,-0.2255530543910942
257,270,4,Silver,72.34222176851151,7.192480872093175,0.5455415232534051,8.426984674698796,-6.535721103466049,-0.106302624152742
258,194,3,Gold,28.78087600871644,-17.674807791341152,1.6380537284817145,9.53100504,-1.0618862675523422,-3.1787790264927542
259,112,2,Silver,7.860005362859711,-18.780747551386234,1.3804271331511089,9.286899,0.5292483564678682,-4.987385513417889
260,537,5,Silver,282.1657517884788,-3.371447596889553,0.3589370089958961,6.7452791522346365,-5.994231036645845,-0.2126465307591785
261,487,7,Silver,330.5896632573493,17.29216348250912,1.660340300093016,9.22462188118812,-10.416444218731703,1.9029079134060671
262,333,3,Gold,44.0276157946018,-3.806760052705795,0.4526544709977518,7.167489,-3.671737162143709,-0.1531701275302421
263,643,2,Gold,269.1843551474666,-11.20111178225928,0.9708372493477816,8.92430702419355,-0.6773722712285819,0.6913526872152945
264,453,6,Gold,134.414982987439,-12.830459048898115,0.5993067705124501,8.789994285714286,-1.3517362715625405,-0.6479492648302719
265,880,7,Silver,148.2722424699159,-11.239739689521157,0.5340855506708932,8.38524964197531,-0.2770020621281314,-0.350197106527625
266,292,2,Gold,255.15314560502225,-15.82426801305012,0.7708921633405335,9.100336,-0.7452841423306374,0.3536443520509357
267,382,5,Silver,247.68419786158063,-9.054769846622598,0.6192498726002067,8.927229366013071,-0.8274720598474912,0.0484860097991443
268,980,4,Gold,299.54026568661607,-5.884311671506743,0.7510796169879248,7.925435352785145,-6.663826393532512,-1.2494361360317847
269,937,3,Gold,144.1003767327435,3.5858997996366675,0.5924485856690968,7.496220807692308,0.0460006260201697,-0.6752608358802135
270,224,2,Silver,111.19420701516536,18.90325319791429,2.123764661286521,9.3227916,7.6542323427348915,3.2580620033750503
271,313,4,Silver,251.64173068298635,-8.000801867366391,0.5513534091824644,7.933322821538462,-3.436699683542382,0.3250885260322772
272,663,8,Silver,239.70934441760068,-7.711731472205786,0.4669740218288207,7.504763673880597,-1.730529766402109,0.1905320386206169
273,189,3,Gold,322.3733724731389,26.17793027940981,2.903861802686868,8.312561220192308,0.6282499674994266,-0.1674342555926014
274,419,4,Silver,313.4423438160434,-11.86501335612009,0.6041855839441851,9.014903034482758,-3.150643936836336,-0.6367726774054474
275,241,3,Gold,264.2243335627633,-8.280216276863968,0.5910316797902877,8.051172154435484,-7.366914503831523,1.2360023416750847
276,245,4,Silver,38.80223724087146,-28.585758219927712,1.2812271346397983,9.819208392307692,-7.72025975339115,3.254450652284906
277,582,7,Silver,289.6711623609356,8.407876651127586,1.002270694201304,9.132782327272729,-11.261337556051604,-0.242532212888985
278,146,2,Silver,339.3039732464889,-11.613902697705152,0.6826945036029876,9.219796,-2.2028738765872147,-1.1564366900316467
279,100,2,Gold,81.49407019113129,15.37994657212553,0.8152280356694594,8.9663505,-6.764118580813153,-0.9333373858568208
280,236,4,Silver,4.55943321255077,7.605479499029578,0.6534097400856743,8.884504828947367,-1.8191120102016665,0.2045544026753502
281,137,2,Gold,350.28921118452524,5.409836796275945,0.593904823011387,8.706120394117647,-0.5281328123753832,-0.5039060108477544
282,680,4,Gold,275.3681384457041,1.5188874087391382,0.3668488461339941,7.050124892307692,-5.678806529794799,-0.1091065715911225
283,156,2,Gold,109.41246857121634,-3.5416614443605243,0.5254783423489426,7.370766543820225,-5.382962605536889,-0.2644569623743962
284,343,3,Gold,109.73765218972412,-2.176568298612563,0.484581245628803,7.4497004,-5.393983003172595,0.096217129000264
285,206,3,Gold,316.9692050773681,-6.0846553545912,0.6140176119475753,8.355281,-5.7550992242886565,-0.6346615442585725
286,159,2,Silver,291.1142563768354,-14.887864840623712,1.8484059225376528,9.252556659375,-12.31317351203161,-0.2099773148745016
287,249,4,Silver,264.7938149954129,-11.034096217038869,0.8805707980166236,9.070095948979592,-6.814768449090842,1.0738834424729429
288,744,5,Gold,123.67849569018966,0.9984617747306004,0.3646842903992478,6.862054,-3.451726976471495,0.0446731196431761
289,211,2,Gold,91.24665483165552,-2.5878394972227188,0.3314930633120133,6.828578,-5.524894660992585,-0.1272737615775725
290,344,3,Gold,10.862682640247256,-9.165265560849516,0.5737379675876927,9.014587958333331,-2.3788229060811314,0.1739972988238157
291,208,2,Silver,137.54675367316304,14.82901302345909,0.7578143830215711,9.33339051572327,-0.8889171842214431,0.9741619611181886
292,240,3,Silver,293.01059270925214,5.036896908686318,1.380427815211766,9.00775393220339,-11.76003620172138,-1.167274632807325
293,84,2,Gold,327.8258960664331,-5.593409163513233,0.4833226978002781,8.743206,-1.7305940678259544,0.0444168067671021
294,239,2,Silver,279.5969525258551,-2.137722314735519,0.5485745440758452,8.028017298387097,-7.218604101415631,-0.6991292389923948
295,375,4,Gold,118.4563054892499,-1.5512329229993769,0.4025262435363546,7.2051356140625,-3.4113410637316344,-0.2418321376577936
296,1480,6,Gold,119.80639964768704,-0.0083389382572851,0.3777812352412613,6.901145633333333,-4.305013439452148,-0.1883600011562635
297,1021,5,Gold,108.7876567141978,-0.9247625287113824,0.3658312002968755,7.080007716666667,-4.690357639609297,-0.2277131217478264
298,205,4,Gold,314.924187020021,4.933738380731997,0.7739004058750495,9.067642601694915,-6.934664601579769,0.5163122999792631
299,224,3,Gold,6.351099875106787,10.282860507717848,0.5676791854864494,9.061720970588237,-1.818217234645486,0.6179018739005849
300,147,2,Silver,156.83571671279884,-15.591097809657583,0.8435603209747143,8.989375673076923,0.7550377258992604,-1.6220549978049232
301,445,5,Silver,303.27840097730166,-3.708198523135025,0.8576390745033804,9.082749371428571,-7.906267946731003,-0.7046449432172874
302,187,2,Gold,302.34239504245755,-9.423301045880407,1.5566145138984957,8.773624523809524,-13.893633379956164,-1.8958279612639788
303,120,2,Gold,322.67589713171753,4.8582988715084605,0.622639586096331,8.67410964516129,-4.563320449792916,0.3262880306732345
304,155,3,Gold,89.14020031889223,0.5283405516848113,0.5867199951209022,8.122694926470588,-6.623558534294876,0.0891249461108339
305,399,5,Silver,93.17980340960534,-6.330934197526994,0.8314727702109844,8.99676924226804,-10.546922271813807,0.228597291280038
306,166,2,Silver,86.77287620286023,-3.270469097459967,0.7954662163870492,9.074528,-11.369051728986785,0.739822267050839
307,421,5,Silver,80.95187696331242,-4.258427075885144,0.631953530956766,8.44959440909091,-9.314923495305043,-0.0516365653211636
308,250,4,Silver,16.840475167516807,9.416303500789654,0.6901914869672447,8.853356791366906,0.2893171184371295,0.0176218370876174
309,174,3,Silver,249.4868262884601,-14.503993125939273,1.731144260367848,9.699359103448275,-7.809250700316307,3.054017468255199
310,491,5,Gold,274.4613745343995,-22.73445612990861,2.828731029813531,9.014031095238094,-15.78202775847666,4.648261565743385
311,224,2,Gold,349.9080623080355,-5.692799128253376,0.4711964918190146,8.83287063414634,-0.6902747897375385,-0.5722035433046857
312,201,3,Gold,298.2669322285526,10.670175139226952,0.7868129394622121,9.225347401041669,-5.975377738838999,1.0506610038552262
313,233,3,Gold,353.99393196433493,8.952459229072062,0.6347829231174524,9.118773648305083,-2.6414615203227254,0.3544890040704829
314,177,2,Gold,200.8371573780579,-4.058490719001268,0.492427107053043,7.5990005,1.701873219135352,-0.1945199255538976
315,2174,4,Gold,231.90643245765835,4.073047618654352,0.6132731482277938,8.211104,-2.1263465759707865,-2.0928377030138163
316,569,4,Gold,70.35801552562798,-14.594139783676477,0.6317656660482537,9.270075,-4.7051814545422825,1.1204022816949104
317,303,4,Silver,327.0840945296794,-11.829879335217596,0.5649078957430507,9.464804078125,-2.577771426061534,-1.1453351181794944
318,630,7,Silver,60.84166579735812,-15.138637677900796,0.5692998040785101,9.42014949751244,-4.874622061605233,0.1659426005974126
319,178,2,Silver,55.9982205970357,-19.492036875978272,0.8320314811189358,9.363871966942147,-7.056896104935662,0.3060329564172385
320,237,4,Gold,329.9253153377508,-19.34376633720249,0.8901292676846179,9.218018022727271,-3.922046920911767,-1.4245362372921864
321,205,3,Gold,320.09994464075635,-1.6637461946729877,0.4014179214855869,7.059051763513514,-4.087252525258112,-0.3067779676415222
322,620,4,Gold,325.9815794371892,-1.9548431103704835,0.3596138678822933,6.988941,-4.283059749490369,-0.4956998445006155
323,377,3,Gold,79.8018739802551,3.803618955969305,0.504837111996253,6.930719242138365,-6.339519169609776,0.4438875251041901
324,116,2,Gold,330.9640808398002,-1.4847419793806005,0.3417352325079835,7.054464433333334,-3.0398535632712025,-0.2703891520631241
325,695,3,Gold,330.94086091830377,-1.7126247244121502,0.3828327855692923,6.967274874464286,-3.37458636781874,-0.1823355494557592
326,559,2,Gold,331.5990614852287,-0.656533857614129,0.3687137036943408,6.759539392647059,-3.2878186692083333,-0.1858233562824712
327,405,5,Silver,217.8085884338568,15.228244074672212,1.3416127983974506,9.22539763207547,3.0363618779641577,-0.6199960155123341
328,119,2,Silver,183.093887665802,7.881973830329263,0.4889737582026124,7.6705275,1.7509622435646568,0.2585193963241442
329,566,5,Bronze,309.8664267525349,-13.316766029893888,0.8275924834819886,9.128922684210528,-4.597398625370067,-0.4989033104193583
330,104,2,Gold,241.57798714385336,-0.1989621189660526,0.4154606321165486,7.3183284,-2.643919116324525,-0.2493202307904658
331,413,5,Bronze,282.16848237519537,-14.02253529759276,1.12117165151088,9.022679705583757,-8.44716574438361,0.8155028440606076
332,969,7,Silver,282.61975874219166,2.1811245918952022,0.4416977565839216,6.97374012994012,-6.487164266731089,-0.0764435349442655
333,223,2,Gold,89.57479603290733,-0.2234008562430346,0.3624745562416918,7.092551744308944,-4.637477577034951,-0.0848279256113849
334,1141,4,Gold,80.10519487532213,0.7950844995616422,0.5843489256154843,6.4851103,-6.058271859241856,0.4411459705557757
335,1373,4,Silver,77.83176299336658,2.5509767735489,0.9543751322524424,6.6650624,-8.586892052780309,-0.3022134632076187
336,175,2,Bronze,41.61570646486681,-18.623417973495943,0.7778001525183471,9.40940438034188,-0.9633260954143252,2.148903302038592
337,208,3,Gold,286.6127079795302,-1.943297859184674,0.4142792394140735,7.203878266666666,-5.281165083439712,-0.1421226650902716
338,715,5,Silver,86.7905080614982,1.1935380074712345,0.3372154748202751,7.080992822413792,-5.6648156424650296,0.1082684445972456
339,267,3,Gold,270.8920048307417,-11.448837191073409,0.7349174752176706,9.014526146551724,-6.143700721785278,0.3217881420858649
340,191,2,Gold,14.60123128470456,-26.9531475755036,1.835670189569402,9.111031201754386,-6.217573762116405,-4.36090542956368
341,121,2,Gold,223.81570679428387,-26.93076096242373,1.559798870880606,9.34141346987952,0.5762479129994413,3.9624761466381777
342,300,2,Gold,357.3893742736551,2.927011819792223,0.6610361799216223,7.730125113402062,-1.6320821891802808,5.965001271930002E-5
343,220,3,Silver,163.9807132659055,0.3367183264160975,0.4973647441494779,7.889656620689655,1.448238674000645,-0.0062908699228171
344,402,5,Bronze,331.1498686944284,10.589586782922916,0.9825348990007704,8.965200666666666,-3.954166384846366,0.1210068974308409
345,536,2,Gold,308.84258300634576,-2.294589799406456,1.2825213640472828,8.919102,-11.099375243884545,-0.7461613500350298
346,469,5,Silver,83.58166224434558,5.654584482508844,0.6250189530831577,8.240914354166666,-6.8171914730239465,-0.3476703558016486
347,98,2,Silver,225.79233823656784,-18.986632562763475,0.9058943289586724,9.406546,2.2559747000850594,0.6491970353379266
348,101,2,Gold,259.5992788098941,-5.026639619633164,0.4826353089332686,6.8602514,-4.308820675939212,-0.3016837176015933
349,228,2,Gold,259.9092364614415,-6.721977021121807,0.4921341253593913,7.9569645,-3.97647738583609,0.4269800725094967
350,1675,8,Silver,335.70351536536833,-0.451454773089064,0.4008968696503501,7.199681366966292,-2.653620228055548,-0.2447876030731975
351,148,2,Gold,150.8104371870868,12.598976811220258,0.793787292101007,9.246471,1.052182593924309,1.273159750653258
352,447,2,Gold,9.149935678921182,-2.531928899999222,0.4226372123042108,7.7983904,0.4610232856130783,-0.1198251303398972
353,119,2,Silver,186.2929256898162,-51.34201453812288,3.610735376316676,8.889176069444444,-4.205783582540975,-1.1914020104709957
354,402,5,Silver,50.28234674556602,-3.762798589886489,0.4861157440139851,7.273804348704663,-5.121827331781501,0.0645174772203374
355,528,2,Gold,62.36134489825984,-4.341998741382176,0.5477346258262455,6.9503202,-5.592519058224343,-0.0077893909668385
356,5102,8,Bronze,265.5253616414951,-1.9747686804561813,0.5065220533849197,7.198525821710253,-6.07867206455739,-0.4404593857918003
357,89,2,Silver,54.75217639757974,-6.888098873821751,0.7269019260085496,8.047305,-6.475926839160793,-0.3038366463292423
358,1080,4,Gold,53.02450052387557,-4.357366678579512,0.5630136707600366,7.49786513902439,-5.3121758530085295,0.0052748126596222
359,342,2,Gold,308.3288284492603,12.645962582232444,1.082080792115954,7.909892,-5.830181491364003,0.492462227898938
360,1199,6,Silver,65.40795586268516,1.3660482431091845,0.4503318811439416,6.941441982222222,-4.663466048288576,-0.2257042129755321
361,178,3,Gold,67.64249090016138,0.0970718978973864,0.5337410194820318,8.008722,-5.621763159926692,-0.3447095057939223
362,608,6,Gold,63.08722298017893,4.679612177233093,0.4085038223241299,7.566333774489796,-4.446005648168868,-0.0791839666998538
363,727,6,Gold,64.33445965818439,4.602428275484613,0.3579861944105453,7.218501027687296,-4.577491721116101,-0.0117751986372408
364,200,4,Gold,114.4492741955542,10.465048514535162,0.8507089573794109,9.018903472727272,0.4792724019813242,0.8064944793980781
365,342,5,Bronze,322.3527176168089,-8.490168531879782,0.7082903900741542,9.144852904761905,-2.459639639217432,0.4935308622122766
366,252,4,Silver,160.35081247159098,6.969107799696115,0.5947954188305007,8.6358628,0.736114320193442,0.2849469750738479
367,189,3,Gold,263.9232345530565,-57.35708293649603,1.9336847665720656,9.418544182142856,4.056774040513466,0.4074377607906738
368,446,3,Gold,333.75826781517407,-5.742237716764114,0.8500288368920601,9.204641,0.6563583611504706,1.1247835692359909
369,247,3,Gold,266.6280033122258,-2.422131931673719,0.9059717145307395,8.031275,-9.23831472509109,0.6040514145827527
370,220,3,Gold,217.93379121946143,-0.5022945470318458,0.4253473790774924,7.287378412727272,-1.4096906833817926,-0.2781896835059104
371,228,2,Gold,245.2405074819564,-21.657175939392147,1.050389355418306,9.253853,-2.5652707995300466,2.3578288842648707
372,1007,7,Gold,151.75423153268923,-0.8542559016922446,0.5458496820751915,7.135066947256097,0.2814190291521292,0.1004370592263053
373,340,3,Gold,210.4174063791536,7.302324308011155,0.623131818092367,8.474553451807228,0.7066017936009259,-0.7476676798294145
374,1003,8,Silver,205.6664587284074,5.2735258782337,0.5656540924936242,7.8300132375668445,0.7956576604288365,-0.4998032305723723
375,153,3,Silver,27.091596203779662,-6.693569073840623,0.8576791844040079,9.190195706896551,0.9634326513174012,-0.1559754805594659
376,181,2,Silver,44.45819311120647,-5.730481669525392,0.8330035872986572,8.78267,0.8470520899688161,0.2098250006396205
377,314,3,Gold,119.86873775759328,10.690664882391845,0.733929386366547,9.182589430051816,-4.450693089642467,1.1344686854230317
378,137,2,Gold,193.4760347789833,-60.19529567686952,2.1607266569711903,9.431448957317071,9.899974137323944,-0.4993292086825645
379,142,2,Silver,232.34133898766063,30.092923302284028,2.30666194711109,9.372614,0.2503231061820847,-3.694248201047776
380,481,4,Silver,263.17787842220423,7.034178597138528,0.6511267256095905,8.766870411184211,-5.663947504395167,-0.7751907747075906
381,501,5,Bronze,326.2924230797465,-16.476653209050376,0.8564133463409546,9.38908381896552,-5.902604826503397,-1.5890865556633584
382,599,7,Silver,24.274941030911343,27.54757954507724,1.0488642928349674,9.734195235074628,-4.145494293279856,-0.7499949860743593
383,278,3,Gold,66.09694799498587,-9.246768036916569,0.6662872523815699,9.066218,-2.21014220052545,0.4372900628738203
384,706,5,Bronze,142.81117950356762,-10.05851011292654,1.263273221194164,8.939587181818181,4.919878888838071,-0.134832181846431
385,626,4,Gold,161.74548936373043,-0.5493721783048182,0.7646038958391412,8.646564841409692,3.4255484917542773,-1.30808504400544
386,209,2,Gold,202.2265149720448,-17.452240925312978,1.443549668258976,7.5647446575630255,-3.723844656495285,0.7339417569661598
387,1056,4,Gold,216.55662873659028,-14.820848358642332,1.2602201477384,6.566083061538461,-2.8608923854876007,-0.79226950378264
388,1874,4,Silver,224.4699632901594,-2.4472576744947085,0.8860360671991391,7.016915,-2.8056595246670173,-1.564600159774805
389,2246,9,Silver,307.8062224780715,0.227224493878892,0.390125803056493,7.064270291907515,-4.676391655779905,-0.2511476425202991
390,541,6,Silver,123.0876797700082,7.872958633311852,0.704284711278478,8.999690399628253,-2.834440080988542,0.2358559963713189
391,180,3,Gold,233.8535154685057,21.98005101102132,1.3609070202839302,9.269687147540983,-2.367094595242441,-0.6968823197863165
392,181,3,Gold,327.8601450644842,-26.14804935957696,1.9822565871954656,9.259387265957448,-12.445210730530444,-2.610772871465635
393,98,2,Bronze,135.12071240811298,0.9587508613376224,0.3941374038186759,7.284285,-1.5806481469593732,0.1218588235962717
394,1297,2,Gold,292.39040749530466,-1.7660807131315994,0.7452569952372489,8.648944,-5.978197383608456,0.8724843029371818
395,364,3,Silver,155.76907517385126,-2.845025326389198,0.9091145457406152,8.45439579194631,2.3792268143967163,0.8062446660096064
396,715,4,Gold,18.4053310666644,1.7318631174212424,0.491079540531686,6.555862,-1.31984965897268,0.0537814865993699
397,98,2,Silver,98.11302604001946,-17.72527489833449,0.7766444783147821,9.360732813559322,-3.157393112113492,0.3153729119212013
398,136,2,Gold,80.79625170544406,11.325198696837894,0.9237806837863232,8.556627,-9.795363264825498,-0.3609954973556499
399,583,4,Silver,67.38087572481881,-22.52732794429131,0.9626527041051643,9.522164614754098,-5.119967089755373,0.8000636214903452
400,415,3,Silver,352.48823993395666,-13.68909979341444,0.7301753240425214,9.304169,-0.8283405376182604,-0.3226731148495576
401,472,3,Gold,85.61712069330534,-15.933218268606144,0.7881244768677373,9.216401616858237,-3.1289319244889056,0.0089899129080173
402,188,2,Gold,69.35907099223476,-22.94182723368601,1.1739422950359018,9.411354,-2.8966287488250493,1.6421085093346264
403,307,2,Gold,282.53405614224226,2.810925309852476,0.5631212275739641,7.883740589759037,-6.61822221570058,-0.2640763921651089
404,581,4,Gold,20.718759163495104,-12.117590347814446,0.6215765294876326,8.904154530927835,-2.02256158110678,0.5008390910809042
405,732,4,Silver,216.2988858168841,18.332193737254496,1.716440778262347,8.01616508018868,-3.156723934344932,-3.617206149977744
406,1050,3,Silver,339.5225287332561,-4.032045817073295,0.8537789939668597,8.958384,-5.01845633530232,-0.7146208468811219
407,352,4,Gold,326.5385784058499,-47.68928397041898,1.6213777139014032,9.31853361038961,0.5500489911545539,-5.123712328138257
408,203,2,Gold,144.77823735022784,4.664508028864933,1.0513397462769012,8.24937375,-2.6452300119779286,1.094560207764808
409,175,2,Gold,131.26315964490684,1.4684109179401916,0.5584247377685005,7.702627,-1.6744859821735014,0.4279907212542537
410,123,2,Gold,129.8168086818854,0.8016407035601661,0.5832544419557507,7.778215488095238,-2.690472964042842,0.3381772919948494
411,231,2,Gold,111.93358562105249,10.3201252594429,3.4506631352630084,8.114348,16.26162442328131,0.6251881287913887
412,84,2,Silver,2.046892311530105,-13.55566136547387,0.6970852077583862,9.530724,-1.9025847994756744,-1.805864600676172
413,97,2,Gold,358.8298201505045,-13.991243927076276,0.6760244858430168,9.576256,-1.2873090161369205,-1.0329967021606952
414,249,3,Gold,313.29422986570927,0.9694729525379976,0.6557948483408049,8.468140690298508,-4.490019678410359,-0.4018112786152403
415,228,2,Silver,339.2421799706691,-0.6631551212446212,0.4394640653929241,6.982561,-1.970378174289315,-0.2143119888504759
416,3585,6,Silver,341.6577897462811,-0.9885949684150784,0.429601230781756,7.312208,-1.8069177515872248,-0.262844652268156
417,2797,6,Silver,203.27411871149727,1.4331941917348945,1.419023398968814,6.708162913227513,0.9934722648909996,-1.2465421965698111
418,92,2,Bronze,354.706803646165,7.432729422218363,0.7760119532266772,8.928925300000001,-1.8508039647490668,0.985506871054984
419,263,2,Gold,349.34405916331326,8.874527414261165,0.9520274632351136,9.255464,-4.045430145679539,1.359914430740962
420,154,2,Gold,124.92072980014792,15.964944606052676,1.1723637957810038,8.906696568965517,-0.6941084101328476,2.1525339487350488
421,860,7,Silver,232.24761371205724,-21.785465687035643,2.4977701426135184,9.235671975460122,0.675966741981942,7.76439430482559
422,530,5,Silver,67.21355472935174,5.336983458447525,0.4403953456056521,8.011787436213991,-4.554962861681028,-0.3297885548203407
423,530,3,Gold,72.39568591278007,4.6963804128894,0.4591712193708103,7.673938258078603,-4.75130019020092,0.0233355790514147
424,147,3,Gold,337.41477671934257,-21.20010393362941,0.8132247394971746,9.169963695652177,-0.0098109948198343,-1.2388985914951474
425,160,3,Silver,25.988337196509605,10.558841971363751,0.979663786117192,9.130818034482758,-5.642824868691974,0.0512136524736175
426,1303,6,Gold,285.8131570697269,0.0365863227395702,0.3841019162923245,6.7800817,-7.061406903882989,-0.2241780362019384
427,383,3,Gold,286.0154011144425,0.2898914858977804,0.3503715974283872,6.914668643670886,-6.813438308688223,-0.1755099264135721
428,622,6,Silver,63.84590986258942,44.05657859639588,2.339962795320509,9.185960155172411,-7.420387480328896,-6.678593232587516
429,333,2,Gold,201.1883073558489,6.993335048575396,0.6881875636767983,7.762606578125,1.992278636627189,0.0274914278108271
430,312,3,Silver,209.6691772644396,-21.53264905453633,0.9522094122385332,9.141369571428571,1.7954558674654353,-1.087069966293107
431,397,3,Gold,289.5055113166069,-0.4128422826165563,0.4086208776617772,7.406425017151163,-6.774303697967249,-0.0259208167691556
432,310,3,Gold,226.60277995351765,-2.2938437360913086,0.353908137840012,6.865994228089887,-1.8439146045244343,-0.0811871147890174
433,130,2,Gold,205.9186739415457,-22.210208771271333,1.324647596298704,9.668382805970149,4.206456490865925,1.7321197121971794
434,106,2,Bronze,184.42374615431663,6.106585429165095,0.585371501326341,8.389386,2.300689339782684,-0.1748575645945802
435,361,4,Gold,12.890770781913629,31.55040924895257,2.593991891832629,9.301170428571428,-0.5175661405274772,8.659284859779737
436,657,6,Silver,77.56812645352541,-3.5158334322499365,0.658031220749087,7.94592113375,-6.077374884326904,0.1656186019112444
437,179,2,Silver,76.84558118860319,12.443864641809316,0.8311407378036516,8.831119,-1.7976044145826489,0.9019922153969206
438,277,2,Gold,166.01683806891663,-10.268241604656504,0.8090643890518778,8.184966,1.809943181310628,-0.9131990601482464
439,1577,8,Gold,123.55785460439186,-2.652518309719973,0.5060054374719282,7.440806093804538,-3.5573783848644185,-0.2556526993928627
440,278,2,Gold,130.14858201987636,-1.6676201358331904,0.4392320583634085,6.996723522085889,-2.250333372004385,-0.1877230682843865
441,107,2,Gold,287.6083917749376,4.026303163234732,0.637635348941156,7.8758388,-5.691397239511776,-0.38536478307455
442,694,8,Silver,282.8400556722571,8.60285086927382,1.3688835608540142,8.960896994475139,-2.1927342788821944,0.326172405050141
443,282,3,Gold,302.1603931720581,10.282577022955394,1.3001613467108273,8.816699524590165,-1.2906383085357338,0.2273902958971499
444,1194,3,Silver,296.13346226342185,1.1792757339975393,0.9673808340357992,8.19029046898263,-4.309003598647732,1.6406658447077918
445,197,3,Gold,120.235527057458,59.72731927710808,2.8802171331500266,9.034892,-9.367143098562144,2.0667596006583184
446,129,2,Silver,222.11308236472,-0.7433612692703833,0.3873020939372272,7.246739,-1.432063763927575,-0.2918212305084209
447,125,2,Silver,229.04869037002587,-0.2589210977846864,0.3992088528821332,7.2079554,-1.4002199241307678,-0.2992891401655805
448,439,2,Gold,230.12772140563777,-0.9386875557343612,0.4735852380920592,7.134441,-0.8401974019200417,-0.1651086378670094
449,466,4,Gold,234.1577487585232,-1.2115876690249858,0.4388792429281609,7.507899063135593,-1.0751703142909328,-0.1332898984967773
450,504,3,Gold,58.56085138251365,-31.360685264259764,1.8661474896511427,7.82795442071006,5.197452509079708,0.663048148821682
451,198,3,Gold,273.71073146641413,0.3677591234406615,0.4878279790396331,7.555614528571429,-5.812775198930247,-0.1929570878765877
452,228,3,Gold,188.2483402656601,-20.667806782039577,1.1591703563658111,9.448280276595746,4.6596812771654825,0.4490843912247552
453,204,2,Gold,323.84876441926747,-11.121214327889913,0.7751566606385429,9.289145,-3.7919701861369104,-0.8989379961326583
454,207,2,Gold,67.56668732129621,-3.6385175211133127,0.6032065584492109,7.693894538811189,-5.175463443886224,-0.6300696645121657
455,316,3,Gold,90.85079973493892,1.838614814633279,1.0706988199147085,8.3328285,-10.21054531534466,0.5510742630069012
456,640,4,Gold,326.797414149779,-30.24295781880961,1.5233972494803676,9.089221257142857,-1.4033792966886172,-1.7776350328861557
457,356,2,Gold,47.08168840246093,3.4666446247376053,0.4822069413482263,7.248324068049793,-2.866079125765985,-0.1166747091373811
458,129,2,Silver,340.5740137079363,-21.532794222290125,2.041811301103403,9.729565461538462,2.6935488850753697,3.0319137187843266
459,145,2,Silver,139.38151091264123,-11.325421858349245,0.7431827234625438,8.327913932692308,-0.7116564846721773,-1.4693735679608788
460,293,4,Bronze,128.85950654727625,-10.811593058145078,0.8236055824258071,8.761441939285714,-1.8143379911951496,-0.7360969428073598
461,584,5,Silver,133.00596779073584,-7.487270355031018,0.8045407086228464,8.50508488023952,-2.66182346602138,-0.7914974413331248
462,509,4,Gold,214.7482048788225,5.140396017670125,0.5133882409253537,7.346576887391304,-0.5060430100997503,-0.7262107962207867
463,285,3,Gold,54.92436102549629,-1.2651589230908893,0.5180795394335573,7.169547781407036,-4.880383848590983,-0.0803515521293432
464,1348,3,Gold,261.1145320408315,0.947412302183176,1.0672829835064297,6.470395,-4.737996293429182,-0.3388583517905802
465,554,7,Silver,16.007114935602853,-20.24508450482609,1.1368308478244296,9.3483151,-4.1518660874273525,-1.3771075853524608
466,1209,7,Gold,275.0216893276367,-2.616882481199297,0.3737140041175003,7.126676984793814,-5.58431843534346,-0.0460694145762264
467,769,7,Silver,277.5800846447662,-0.4893241234456119,0.4426170671704806,7.379968377472527,-6.599215471788854,-0.1304810927977179
468,174,2,Bronze,275.254519543033,-0.92285869376354,0.4593934924152821,7.7481227,-7.034487740066167,-0.2638026158162007
469,254,4,Silver,284.4637511181551,-7.996342227917699,1.063454245410662,8.436248852459016,-6.427649233809783,-0.4479785796343608
470,216,4,Gold,286.5262824743587,-7.28700816073351,0.7495078868011987,8.78776485074627,-5.414879688211632,-0.079944206845712
471,715,5,Silver,266.7359737480855,2.9359219096033025,0.8905400162183984,8.624556506775068,-9.62841406944396,-0.1967224533814928
472,195,2,Gold,287.606645855827,3.275777653938315,0.4886087316427842,7.1079926,-6.330188942414421,-0.2457876381828322
473,217,3,Gold,289.5164020149416,5.278810131218555,0.5125119389185552,7.36516435,-6.691001093523468,0.0174578650441925
474,366,5,Silver,330.2840257378548,5.837919063915337,0.7840691589084353,7.940371739240507,0.4458854848360336,0.1801612332305499
475,82,2,Silver,99.11255173908847,13.876141156998187,1.0305753913265774,9.372213,-6.038475702066878,1.034292990833769
476,515,3,Gold,290.9133643408944,-0.2396744752344978,0.4391923159784829,7.008065,-5.379798745083519,-0.2677926453159317
477,266,2,Silver,307.7361808426533,-4.146918912767588,0.557388482463165,7.518173074193548,-5.9248877843316965,-0.3297176660629393
478,805,7,Silver,294.8909839106125,-1.2005540598683109,0.4057193504844154,6.7247167,-5.126218968714255,-0.3733747802318856
479,818,7,Gold,294.4935344957013,-0.2763581135378874,0.3521792691368335,6.910259195614035,-5.4224463762512105,-0.1777928708771818
480,612,5,Silver,133.72045352772022,16.571171983914837,1.548864326476659,8.610279,-7.791432605779361,3.0458460734698543
481,156,2,Gold,70.16811307795143,-13.74432502882917,0.9983213931095366,9.082343,-1.2082923891439497,-0.2612635718742728
482,165,2,Silver,73.07592429061724,-11.905738542617154,0.9718254430957678,8.908575789473684,-0.8981490314505801,-0.1054036354883447
483,208,3,Gold,255.28823715061048,-1.265947882721803,0.5078821783589238,7.694673,-4.4408594757708375,-0.0662821318124076
484,630,7,Bronze,305.4067681835476,-31.01176365863796,1.3290009337943134,9.476689697674418,-3.755793705793765,0.2844673886521298
485,257,3,Gold,331.9543063386773,39.64266557400381,4.819584825973164,8.94232838764045,-13.685652024095486,15.684996328719254
486,427,3,Gold,112.05107440627296,-0.9935438435159228,0.9255543743598664,8.440785266304347,-6.663016216764799,-1.33278243221514
487,869,6,Gold,129.25037729416286,49.50515755856654,3.794135085174064,9.211403033898304,12.703118601360854,1.3218021829616746
488,134,2,Gold,292.31274428196286,28.792281161928287,2.789169206259703,9.342956,-5.2594103217941,-2.671269723413175
489,94,2,Gold,64.31578586593318,-6.608548393396051,0.8781776280536996,8.929639,-6.498800880386551,0.8544594538172346
490,143,2,Silver,202.35867142649388,-15.69954030616524,1.1912122057048704,8.614832,1.3374084318177786,-0.0911553250866284
491,966,5,Gold,233.6190749504387,11.109693001198048,0.7699247027340312,8.783629,-0.4712870613207621,-0.7258459066057977
492,605,3,Gold,342.3597920085483,-3.733584860122789,0.8526306402025231,6.895589479237287,0.451354661678331,-2.292084207697644
493,3987,2,Gold,303.49493654522365,2.113318106747744,0.5037605752588268,7.0385675,-3.4340074591585656,-0.3126352482300615
494,807,5,Gold,184.46596125141315,-33.92220328252994,5.885415269823757,7.714750936390533,12.347231221916385,7.392987232153093
495,167,3,Gold,105.31651401656958,-8.842562153904689,0.6997899230462884,8.91981589084507,-4.816969005266312,-0.9137835603785284
496,316,5,Silver,92.909542981768,17.54879468131209,1.4801768696681217,9.342017857142858,-5.945098239896424,2.7464949501881373
497,223,2,Silver,302.34117340354004,2.518882659767587,1.2661237623097743,7.972889,-7.341090735248192,-0.9831215838046208
498,186,2,Silver,322.6114872347305,-2.952442899245189,0.7198999309053438,8.51931,-3.9647071583868208,-0.0739556300082979
499,440,2,Gold,176.3689277424184,6.737021732954665,0.7192330818274439,8.279282,1.9955293222480863,0.2846858899482364
500,658,6,Silver,118.5744853857545,8.896030565002427,0.6808152172743451,8.90145240625,-1.045471469728504,0.6508449957657896
501,147,3,Gold,170.1967417516363,4.7037965792672,0.8493174604914421,8.881992499999999,3.749917163767071,-0.4965808641650056
502,1567,3,Gold,177.6486001643429,3.085661230982965,0.678192588569771,8.678995,4.241085964271843,-0.1709594819010198
503,413,3,Gold,344.2364511013871,1.5539592634026862,0.568463341990816,7.6463866,-2.553264461428673,-0.0875906303979167
504,489,4,Gold,208.33476311286648,-9.2124661009537,1.0240757204312625,9.075777170212763,1.831621031848636,0.4765306957142083
505,132,2,Gold,273.814899609529,4.818373795409311,0.6233840218333733,8.199471,-5.694079699065892,-0.1466733278387311
506,191,3,Gold,170.0961620085103,16.503482325936005,1.2401729436813702,9.120464225225223,1.3369416713599298,1.4861412310828852
507,146,2,Gold,162.15308590485466,40.47134011226685,3.5463624187209004,9.117892,10.285986983741632,-2.568439622718893
508,248,3,Silver,307.44707888445987,0.3062424539864971,0.5003895450809668,7.442991099999999,-4.581172380653799,-0.1143476307354272
509,172,2,Silver,110.24056794152465,-1.3300308529946658,0.652558176677015,7.8983483,-3.8788035002447128,0.3112498516279994
510,95,2,Silver,344.5058580757779,5.124962655616832,0.7566132804506677,8.741765,-2.773388889839848,0.1400967423662811
511,439,3,Gold,317.3599748696495,-6.820333409840122,0.8802211807218558,8.96415650437063,-0.4924889788256235,0.1852014509353705
512,257,3,Bronze,43.572195103380295,-3.107321013227704,0.60918874805674,7.461077,-2.5605823244114942,0.9974428303291552
513,655,4,Silver,196.1228513065292,2.357699940273635,0.6295951521131983,7.7717724,1.9265560029730409,-0.0146477893258598
514,120,2,Silver,351.8639858913797,-1.8671475527624903,0.4792007314324483,6.4524364,-0.9014171701522792,-0.3398464321213835
515,1798,4,Gold,248.4449640815372,0.5023047277159153,0.4201816582717295,7.094653678972868,-3.026282775417529,-0.0999200003537715
516,718,4,Gold,247.50014961845136,0.0876240567533493,0.3610550971529338,6.820076321428571,-3.2131501851928226,-0.1565886508510367
517,249,3,Gold,275.0859758007256,-3.7797947803302208,0.5617399531174273,7.798146280582524,-6.549769204919474,0.001248720490513
518,528,4,Silver,248.07161283290057,-5.770507618490116,0.8274876469297163,8.763617613402062,0.7004462109149737,0.3824769805576173
519,377,4,Gold,232.27009483121844,-11.970201290868063,0.778994750790971,8.924114403030304,-0.8413216130428688,0.4672277160690323
520,543,3,Gold,39.6496342413383,6.4505266920588085,0.591115589489558,7.618133,-3.183525101980053,-0.4202102669083114
521,180,2,Bronze,34.022889363810975,-16.906744932996414,3.035997630651436,9.196425,0.4680050299696745,-7.590323899862595
522,275,5,Silver,340.5330109434288,-43.37770941959027,1.4849821682121973,9.66472696153846,1.5561511350018915,2.0619758343529564
523,119,2,Silver,22.486117103614298,22.23759501535874,2.230974304449937,9.315516,-9.616396395410543,-0.4002944215575341
524,111,2,Silver,82.70518268000674,-27.096241015936087,1.797380910652989,9.199113,-1.4437373818131491,0.9016997369969512
525,560,7,Gold,104.99972483198968,-4.655847176801111,0.4208003554078435,7.533323142857142,-4.202496547946875,-0.2790759781933014
526,488,2,Gold,163.21372474564865,13.079179035013258,0.774580991838886,9.164123,0.6095040916126322,0.8987477799913548
527,186,2,Gold,196.1004001988545,34.698508629779,2.8448074178158618,8.627249,7.600649472066726,-6.75462988547392
528,275,3,Gold,130.25335255745048,-6.451801991081944,0.5177258435592963,7.371800191538462,-2.0647498968026,-0.592740777837172
529,214,3,Gold,148.40459248416866,-4.752784925233877,0.4427557623514243,7.642538084615385,-0.0754821443961595,-0.5014631623129595
530,337,2,Gold,152.58049570061806,-4.63931793980442,0.5282014690834902,7.692517450803213,0.3242159215579101,-0.3443068400616699
531,278,4,Gold,149.7102315253138,-5.304346261604913,0.6274489995636032,7.867830979381443,-0.0646531527196579,-0.3216337588249005
532,229,3,Gold,152.62255887507663,-6.321140021019032,0.8449736459038157,8.509802831775701,-0.6251082060915893,-0.5871159012220311
533,457,2,Gold,141.08035642944265,-5.450622848938107,0.6112312771827618,7.4939427,-1.2966436802307382,-0.2365940721527207
534,1104,5,Gold,152.0732654007091,-8.24448570607532,1.100735499391713,8.066446,-2.7164715152179277,-2.009362670027164
535,197,3,Gold,25.458351929249424,-2.132135179661339,0.4711425363941141,7.431993176229508,-0.1217856660615744,0.3034484894955394
536,591,4,Gold,49.4152105551561,0.6747595670396846,0.6088737940795751,7.0291,-3.7476838918963375,0.0793083331277647
537,215,3,Gold,317.211912908752,-6.437493578536853,1.0498197968907337,9.093633134615384,-4.038417328819628,0.4733256747674943
538,124,2,Bronze,29.516250349040103,11.966893945382424,0.841531740195042,9.079510794520548,1.3156712325019193,1.1605541292085209
539,116,2,Gold,8.532761776342511,-1.5448356923390971,0.8392523908605318,9.003000768115943,-3.36938125224172,-0.1370871242521245
540,153,3,Gold,305.52052103946346,4.286889261109484,1.1696680870340668,8.133813355263158,-5.325560405340276,1.236459629642228
541,154,2,Gold,93.57263326805712,-33.634443239784645,1.7160482137029422,9.465696,-6.060134068887527,-2.684032972791708
542,265,3,Gold,11.5596557364844,8.57215080545172,1.2455402434736411,9.059524,-3.782228165145406,2.0912968937274297
543,425,4,Gold,230.14154792923333,-10.922205335731404,0.7972613924080336,8.89699187254902,0.9107780940148552,-0.286384570425073
544,1882,6,Gold,12.847781933960915,-1.0333129998240025,0.3878468123231424,6.945252332035054,-1.449573867987337,-0.1012123794152395
545,407,4,Silver,313.96988278694283,-6.720555862455315,0.6816670528490678,9.0016111,-5.435123160359767,-0.4676540508549873
546,362,3,Gold,310.94614193877135,-0.5221775825107702,0.4516206301480353,6.947163418627451,-4.364449755940732,-0.1711047881024984
547,465,3,Silver,315.2488759022706,-0.5700062101898216,0.5800733904118385,7.250531946579805,-3.4818996444135903,-0.1033707321975401
548,240,3,Gold,314.86324440404314,-2.516080570587949,0.5649588372901304,7.617123388235294,-3.5306330728997564,-0.248111854425765
549,444,3,Gold,313.17005793473703,-1.6657529863229663,0.4664141352707065,7.1798263,-4.0988006781713775,-0.3369272918032712
550,261,4,Silver,311.949915970911,-3.292318191036584,0.5065642197502611,7.567740899999999,-4.802701104003766,-0.2303053290554571
551,400,7,Silver,13.547991673497984,9.26776087014144,1.0457221916228634,9.032460630434782,0.564457352399216,1.1888603965878537
552,1622,7,Gold,9.830143323976955,-0.9139169027927168,0.3552184387713907,6.836879643511451,-1.1021783308205002,-0.1575772576447234
553,486,2,Gold,141.574525924719,-10.229645212062149,0.9619174971548994,8.560672,1.2015027981382649,-1.7108249525167527
554,453,3,Gold,144.8591594807533,-10.1464876650783,0.7344926344365205,8.829600242857143,0.8636764361933236,-1.1462548458810395
555,252,2,Gold,0.9277754297475114,-1.0056449206465796,0.3564650772264681,6.980976,-0.9899444782442706,-0.3433903835755171
556,278,3,Gold,359.50967843180337,-1.6166000033348484,0.3504425131206375,6.87553896124031,-0.4422186054677011,-0.1317284888345014
557,217,3,Gold,338.49820658478575,-3.35478570907072,0.5233369667626672,7.264859011458333,-1.4335676345262036,-0.0309663688229396
558,101,2,Silver,112.43851753454088,-62.84898718368977,3.07600843554748,9.56778845522388,-1.347577484306492,-4.601679630459966
559,87,2,Silver,197.0105166852835,-68.14935423596319,2.295071377226811,9.113778,4.402254402646948,-0.8787712564033368
560,272,3,Gold,287.11908654537365,-56.51401693337959,2.6137209187770925,9.581618230769232,2.0035927968134546,1.7290412149585346
561,1147,11,Silver,179.27756215039489,-65.86120744423008,2.5031887699551114,9.520822816666666,6.619723063363498,6.337012568859045
562,214,3,Gold,93.71539518362096,-42.747803428903794,1.8088921824123192,9.339640903614455,4.603778764063421,-3.032373352583605
563,198,3,Gold,309.5064523056015,-70.96515479351378,3.1408057080449927,9.446052317460316,-6.2951544962805706,4.887846006128687
564,588,6,Silver,116.46078796933848,-54.78133815493732,2.2354583177716534,9.568394818181815,2.5022906780518523,-3.4045400389068634
565,342,2,Gold,68.63605766014288,-54.48925508395414,2.3635174972479858,9.33223004347826,-3.609437831278044,-1.4118297638259487
566,83,2,Gold,42.60484057937078,-60.18788471008546,2.32995080301364,9.246172766304348,-5.317775855439573,0.2874212721779834
567,387,3,Gold,24.980479093105053,-55.56850970682044,2.0761635512414167,9.37284810829493,-3.84452546201254,3.060811201554721
568,3538,5,Gold,346.8115160391865,1.348174238235038,0.7048534672539889,7.601081,0.7872942531312155,-0.2745717960549746
569,2245,5,Gold,352.3992005749815,2.93477986585728,0.9102746842639736,6.8683248,1.6478038267592374,-1.1998738266030609
570,505,7,Bronze,316.99469554155604,-4.351218505228357,1.105817524715378,9.226147961538462,-6.508409819231522,-0.6841386294625327
571,463,4,Silver,321.80063988723697,-2.6083567800097502,0.7211993262599685,8.39247844329897,-4.855364422590246,-0.3204835288424548
572,494,6,Silver,156.31974329730252,10.02766853982699,0.9567367399575504,8.864433937500001,2.4196707966972757,0.5823898899188592
573,234,3,Gold,12.531590172988324,-14.144060304144418,0.7304178707879141,9.398923014285714,-0.3302805895472934,-0.0938137015239315
574,260,4,Gold,182.9751683594712,-14.048766591176548,1.163404955766088,9.063905944444445,4.7813984874534805,0.6176211326943541
575,192,4,Silver,163.34132917964587,-14.36206572105877,1.079678781788579,9.26571307936508,4.230854492036651,-0.3341937039760186
576,431,2,Gold,309.4226273487991,-1.3510682726273495,2.2516307734241123,8.2111845,-2.770558671400193,-0.1388559757797005
577,458,4,Silver,16.071860602421296,4.232181387401816,0.849591756383625,8.419424525252525,0.7363693443249669,-0.4185446900536665
578,185,3,Gold,74.02395950988479,8.390856191145923,0.7132970695562164,9.121669556818182,-6.201823264414507,-1.170202326488901
579,1221,4,Gold,216.43324174280733,4.218292612907138,1.3624861513724742,8.046215134570765,-1.518228088257607,0.287680883899192
580,177,2,Silver,25.526734193733507,11.219468791981656,1.1658148463412308,8.848344,2.7264681421067305,0.7563275362641073
581,450,7,Silver,240.1210447883369,-9.756223462176203,0.8293080343579411,8.7329883630137,-2.1321334954508755,0.4477826312204098
582,317,3,Gold,211.27550921386705,0.224497492206604,0.6509208512128956,7.60413558557047,-1.983452559581307,0.0151932828641355
583,187,2,Gold,354.59059411640504,-4.5546521017919845,0.5015203669886612,7.578205422764228,0.0947153571436303,-0.4442888391240539
584,566,2,Gold,318.5467611974484,2.7284701705705903,0.5872488274318556,7.520972,-3.8895862313998535,-0.1561083836906628
585,186,3,Gold,153.3826028380647,-6.0140596542494205,0.8421888184308268,8.991042414634146,2.700178170636086,-0.9063843509815468
586,381,4,Gold,183.54050505066803,-7.149652619556735,0.7163164088684149,8.371461561538462,3.54275324526406,-1.0157800607567085
587,134,3,Silver,46.82156167617919,3.948338928351785,0.5657035946851682,7.5819910461538464,-2.7682417027774977,0.3320896204045007
588,219,2,Silver,42.30016919553577,5.092406680043314,0.5885633626380835,8.715744330935252,-2.763210030404634,-0.4178923038083389
589,637,4,Gold,298.2679372634936,-1.1911587870317066,0.4143542942067324,6.896380100630252,-4.551542900898593,-0.2916258153049061
590,293,3,Gold,215.53056975692465,-2.43893341217551,0.5426183962821238,7.492922616233766,0.7702121246123828,0.193460210823561
591,304,3,Gold,225.4626637088525,-5.933485794576339,0.6734268619875385,8.603080076271187,-0.4514901791516295,-0.1309312503197846
592,161,2,Silver,32.522946181337865,9.317270288679593,0.942818279860932,9.2746,1.654627514370237,-0.9438383514045215
593,286,3,Gold,280.0252976970778,8.169213117739893,0.9122302009892206,9.01656714285714,-5.928901723278635,-0.5579020416221748
594,90,2,Bronze,337.6787048237185,3.263404742529427,0.8002538940677473,8.327030181818182,-4.107480026671958,-0.3926871588591428
595,139,2,Silver,285.97339448137,-2.192340878444171,0.5206142263480522,7.789095,-6.722628163301391,-0.0053046809275723
596,131,2,Silver,95.63467877060404,3.671679530854441,0.6122888023163505,8.072041,-4.733075957459238,0.7508399746632869
597,190,2,Silver,288.96856420530304,-0.9351433787194964,0.7613299859522047,8.956954294117647,-7.764421289346967,-0.3186155509163723
598,362,3,Gold,322.6174125721779,-12.7064308112497,1.2049117694225933,8.85824338,-6.668686745525688,-1.0828184816083586
599,277,4,Silver,37.47518504666714,-12.608220909587974,0.700967017758843,9.332820589285715,-1.9983668594592288,0.3932853616595997
600,151,2,Bronze,350.02353287876133,-13.417298970603214,0.95207265953352,9.150991,-1.797035817522568,0.2102659134527567
601,800,10,Silver,29.08103449300169,-20.852556144879586,1.2528164567686415,9.30458404494382,-1.341363070910765,-0.3067600474132157
602,772,7,Silver,15.48099716223736,-16.014053459020275,0.8810029998509724,9.297605333333332,-3.516675136821645,0.6991985360515955
603,435,6,Silver,238.3850036853748,1.8142998798726584,0.6027297035096496,8.339103684782609,-1.4315020869143955,-0.3676791018653277
604,299,5,Silver,16.61053514436599,-21.3283598520912,2.1354777440990738,9.445035477941175,4.629842896655768,-2.733049193184871
605,137,2,Silver,354.0963610097399,-15.841614274798829,1.1017871044190095,9.390684,3.002537209312809,0.3211362494044749
606,265,3,Gold,295.6476493846912,2.969977718799122,0.5502358690819437,7.483543400735294,-5.703777322980371,-0.0852380151261753
607,491,5,Silver,253.48753315715533,7.7701552506628495,1.3954802140484155,8.713664277777777,1.0010972897770458,0.1839509663827261
608,473,3,Gold,102.48932241889828,-8.166760182516029,1.200668985497901,8.208955208333334,-7.079980981482679,-1.025936874273834
609,316,4,Gold,94.5429926974109,-9.855707057913428,1.1718506403159248,8.87329642519685,-8.592078950527242,-0.4517001568337102
610,379,2,Silver,349.1670228018608,-0.8101251185888636,0.4466742453028439,6.443123121052632,-0.2914616254194628,0.0694835849991036
611,191,3,Gold,293.2854425225195,-2.39640439796382,0.8331401403566864,8.604802041666668,-5.716443831461961,-0.1935684786755402
612,636,3,Gold,305.9434259178235,14.296688362734312,1.4791954524385265,8.5081,-12.70146371055092,2.72978541222564
613,164,3,Gold,203.03846940227183,-9.8786451572099,0.8098410386326251,8.44852003773585,1.5813470299067656,0.1135500733280933
614,208,3,Gold,279.957703644938,-0.743353983647722,0.6497757355521793,8.47914659574468,-7.46549291998754,0.0230560088955061
615,350,6,Silver,34.52307222028442,29.9218671007989,2.8885604633684894,9.376256098360656,4.890248116137776,6.599546193551204
616,119,2,Bronze,33.33639536152156,-8.629634908995408,1.5044761881823332,9.186154,-0.6557643298238738,-0.8786343191434591
617,318,2,Gold,101.54777552179826,-0.5596643512697999,0.4613200389730155,7.538342016666666,-4.054244055981555,-0.0053008912882786
618,406,4,Silver,42.02767880138303,-4.552443613240072,0.9744995344866888,9.425274647058822,-5.833788681619774,0.072071236719023
619,296,3,Gold,87.72283735586251,-1.7086461708917953,0.4210576720164354,6.976653902325581,-5.26476690711198,0.021481299973662
620,161,2,Gold,84.7096530220021,-5.177398433662268,0.4622705762825293,7.467639,-5.950472166274009,-0.1112000552729728
621,203,2,Silver,87.58762366116302,-0.1979355442081357,0.4007530935180044,7.1559975125,-5.354042565879083,0.4155876033441332
622,303,2,Gold,91.10103908517236,-1.681235743989602,0.425977375054238,7.0864916,-5.576535559024928,0.320659649910608
623,695,2,Gold,354.7956373751493,-0.9242774175535124,0.4068623422985368,6.364232,-0.3011774361916337,-0.0234175185003638
624,2894,8,Bronze,43.10399074898427,2.6239115993102304,0.7443816575412281,7.796561,-3.0855207763132944,-0.0550677589080608
625,329,2,Gold,191.0383579681757,6.320101554903026,0.6699520407330938,8.4315195,2.832932196478604,0.6760684201978663
626,374,2,Gold,334.9373456076023,-0.2169497245900402,0.5072708945860107,7.1928296,-2.43191661322871,-0.1863967438704537
627,485,4,Silver,327.6589245375956,1.0807596368702677,0.5376243788712818,6.823167985074627,-2.428116211799237,-0.1242177925410115
628,2165,5,Bronze,230.89457095950664,3.122319373148345,2.012564975588619,7.947433697670455,-3.7611159169939774,-2.22988657495566
629,616,5,Gold,293.4173590091749,0.0863734897439991,0.5659565436503007,7.41193428251121,-5.238751884208777,-0.2108234659101096
630,4687,5,Gold,294.4942332522431,0.5594223149123062,0.4964190350254094,7.3004155,-5.193936864685593,-0.1910546634977872
631,240,3,Gold,161.5867328410809,8.214573635221566,1.0041134375504548,8.783111783783783,2.007693584740464,-0.195548353863276
632,143,2,Gold,6.284481465010825,1.8616921662870003,0.4645831125924758,7.119773511184211,-0.2260425983569153,0.0189551959011408
633,228,2,Gold,219.3385755588652,10.10530770277035,1.0139910624867063,8.45602,-0.6717499888647368,-0.1155772013360238
634,157,2,Silver,235.83574943045423,8.003727991116252,0.8432697463821651,8.694493,0.3792897231206517,-0.007634790044197
635,155,2,Silver,186.49139394981583,9.76055980288871,1.0506464500575987,8.442981,2.0650802086196696,-0.4408697181511354
636,142,2,Silver,183.02786552154348,14.391970121469528,0.9613594888415132,9.174611357142856,2.2178294217876298,0.8623750521257418
637,126,2,Silver,187.98416873991405,12.742258224660254,0.9040962026727164,8.994331,1.6586942268589162,-0.893286182184304
638,99,2,Gold,190.41629772151603,8.661612478622938,1.029720177307975,9.037092,3.541364808790174,-0.7322044075240659
639,174,3,Gold,182.8926363212083,9.07177956630734,0.8471215534278138,9.17573291304348,2.5076800773373256,-0.0533286072816053
640,262,4,Silver,177.57107957563272,10.070404687627978,0.8943216927565706,8.892646964705882,1.5145605526817087,0.8477881078638352
641,229,3,Gold,156.36231202677587,7.667999396454011,0.7307099666192809,8.730446764705883,0.0198309378485386,0.4794686257667168
642,857,6,Silver,36.315656786516826,9.465590106483964,0.8186265841051739,9.147392464071856,-1.392877493544224,0.191179617992539
643,805,2,Silver,85.58406382271146,-0.4875666582251695,1.1342786420539837,8.6118765,-10.096723737838872,0.417127897911502
644,641,4,Gold,5.250344747249222,-0.9350577603146816,0.4183927576869684,7.000790695,-0.285442211033156,-0.0885631332171615
645,138,2,Gold,80.72764150149132,19.646448531685035,1.7462095621618223,8.948204,-1.3551382245809491,1.0348680434290625
646,148,2,Gold,84.66445210034607,18.63940922487805,1.5994749163924504,8.920450464646464,-0.5162392899114552,0.5406809898315972
647,194,2,Gold,78.61877464108612,4.929940145390535,0.8358886107340557,8.976692,-6.96398525715553,-0.4806665488064544
648,597,5,Silver,159.9518790828125,0.1325537523972953,0.7147443007012882,8.017624703125,1.0809112701505228,-0.2797150906872154
649,265,3,Gold,298.4807461304118,0.5737019522692061,0.8197521807254982,8.710010225806451,-5.658958604047577,-0.1086000824570014
650,394,3,Gold,75.24056981947356,-3.601194990222349,0.8372563094673147,8.804915999999999,-5.913249755781528,-0.2242182597808454
651,633,4,Silver,87.37095611806274,-3.3325286210038128,0.867921246184628,8.047853997487437,-4.755994469644295,-1.6000631305626398
652,1363,4,Silver,299.9378513671761,1.9715717063223488,0.7616924900027797,7.711484619727047,-4.571557144512818,-0.0670091979768543
653,374,5,Silver,12.491256399898957,-0.7067959916891591,0.431528991188958,7.054054295689655,-0.4395702657665311,-0.1874981343302857
654,1016,6,Silver,325.0486514093257,-6.884565592627535,0.6781921187255666,8.637373447811449,-3.890056854435095,-0.3748762880696663
655,336,4,Silver,100.55498873905866,-6.981599049840696,1.4874617556463925,8.897097,-10.982232044947672,0.396584650931324
656,112,2,Silver,75.40768984654304,-35.73745845839278,4.322905132985157,9.130477052631578,-8.586752038894215,2.966444438126495
657,413,5,Gold,43.15146928476175,10.484713284652548,1.1010149818208612,9.239224699421966,-1.3064675696099324,-0.5381203516879776
658,717,8,Silver,335.7258010129298,-13.47684553371066,1.1314966745797057,9.094152687192118,-4.449385857898511,-0.5601009217983335
659,328,4,Silver,333.3856279618468,-4.627098176228738,0.7606167768201018,8.92701190551181,-4.259339892335015,-0.7646890862713644
660,292,4,Gold,332.1445591939388,-6.417473631523118,0.6434313181057251,8.964069210526317,-3.2384989900000942,-0.6312238234827076
661,108,2,Silver,342.0209442439518,-8.170485207908404,0.7079129721188777,9.459776896551723,-2.628350747229073,-0.5575938388334755
662,191,2,Gold,333.6656927632821,-7.465851535145309,0.7015683843956948,9.228611262886597,-3.4396252956861195,-1.2205756760635216
663,1764,5,Silver,26.355258729960354,-0.5143895740912069,0.4471718730673568,7.246241388037069,-1.2465686422686062,0.0807169958384324
664,289,4,Silver,351.8841112826136,-10.965964934642589,1.131865181015591,8.97286340060241,-3.536650589893186,-1.286307071544126
665,357,4,Silver,303.13748331643404,12.04016500379062,1.3992517967933211,8.442379,-6.771145755476301,-0.7733971971032414
666,355,3,Gold,293.79820085358926,-3.9378489497372335,1.0791642187549704,8.72829416580311,-7.218374630561545,0.0793922763179755
667,2135,4,Silver,238.48144333757645,-5.295852802793048,0.7952625951930926,7.2830806,-3.327045862563768,-0.2113743930369999
668,172,2,Gold,36.92328350214221,-2.392815771062744,0.4777802862810014,7.126768788888889,-2.3158525480767964,-0.2662807842065945
669,240,2,Silver,258.4150460620492,3.5640302606020664,1.7294909461087484,8.2050295,-4.221141538906623,1.9482719618333164
670,134,2,Gold,147.39512512079875,9.085277423820877,3.9465919898552286,9.009003,2.60418311975886,-1.8184653118784768
671,552,3,Gold,141.99559342421333,12.4613451897291,1.1532911529484084,8.32519,-0.0162793150056281,2.167841405399618
672,1223,9,Bronze,134.05094378668664,7.890768192895363,2.263107923474242,8.366662132352943,-1.8882030299784365,-2.7734213966968246
673,110,2,Silver,147.33365457390033,6.374722400292287,1.5462534458907324,8.970187,-1.5449111019588706,-2.4107990059830384
674,191,3,Gold,121.1171015733467,7.134322073776705,1.186918258221859,7.993412471739131,-2.4211419030932304,0.4928366486533122
675,84,2,Silver,135.7397123543341,11.514101516277286,1.3419865538482627,8.342916,-2.753641856679125,1.2767342081455857
676,179,3,Gold,55.18101014984272,-0.4533907169297395,0.6980752315464777,8.633541023333335,-3.767313624729269,0.0477047448343603
677,96,2,Gold,51.14252587553224,8.820367666458113,0.6811405565341508,9.334901529411765,-3.2450738264994223,0.068188940552548
678,206,3,Gold,310.8436388595636,-0.5150281891350819,0.5001354408582259,7.495819948484848,-4.109562195127259,-0.2334303780433299
679,150,2,Gold,353.94395120653206,5.952128965435846,0.8755277961284622,8.738925,-1.2996403637665843,-0.8430885326356032
680,480,6,Silver,227.5729865620256,2.5449219218957126,0.5198323553228243,7.562478726785714,-0.6986332754544204,-0.0636550873465312
681,104,2,Bronze,106.1794316625344,-2.217703229823735,1.29248375229869,8.544832,-5.738132405990827,-0.7802147893318839
682,150,2,Gold,107.76409008457838,-15.096315043388469,2.255261623023588,9.251611,-14.100939801943458,-0.1941982876817855
683,247,3,Gold,90.81179422800398,-2.4946937882376026,0.581946287891089,7.779403160204081,-7.11937206660491,0.0445896366068173
684,651,3,Gold,308.8197025950185,2.547417145331634,1.971098404495348,8.118406,-7.814031267258245,0.1556875138677642
685,745,3,Gold,349.3833227526031,-1.818582848609788,0.5340312210236572,6.983974,-0.3506287625824169,-0.1965194147324085
686,173,2,Gold,8.416965332346944,7.0455615324867225,0.9727614586099216,9.185256,0.5391671477354982,-1.814573450841803
687,1183,6,Gold,108.25429172705032,-5.325771773883157,0.5427767855610475,7.996370254196642,-4.269105553594162,-0.22163480037506
688,1324,8,Silver,237.938684345064,0.650783242843356,0.6801630982283242,8.217231415384616,-2.2183105556138427,-0.3181185602519928
689,101,2,Silver,184.5441927314112,13.800885919618793,2.075274645894026,8.831417581896552,1.078013509197589,-2.2065994722065887
690,317,3,Gold,26.94714689447745,-7.206331616722084,0.6710439700132973,9.096569524875624,-2.9162927326024786,0.2898553824792818
691,411,2,Silver,41.33469041322723,-3.030116541175942,0.8592097672009812,7.733669090497738,-5.1783142475187605,-0.1070003882823587
692,467,2,Gold,200.2000439179837,-3.545285885551515,0.6181054442591684,7.7488008,1.9160502855377624,-0.1432539340706227
693,374,2,Silver,42.87619958123115,-5.191878871877985,1.774826219896063,9.099441702290076,3.9815483567158623,0.1155925505781351
694,1189,6,Gold,52.55625673337444,1.2754157629425724,0.8795493875277329,8.225075217391304,-5.654709403166746,-0.6232260409406474
695,629,3,Gold,56.62138674879226,-1.2377186447061312,0.7005545229914665,7.83463108643617,-4.998385800306819,-0.0976865461473777
696,129,2,Silver,48.80670676415976,-4.907047024724622,1.5297857473345522,8.273626,-6.875879976967412,0.3439687541486096
697,135,3,Gold,299.0356536572393,15.624330625672544,2.298338734400946,9.234267512820512,-18.94865714238157,0.4956343944686838
698,472,3,Gold,300.70291937514713,5.467837979583029,2.432784991350675,9.325462762645914,-19.30947611642485,-1.09661839100632
699,206,4,Gold,272.5672192274817,-5.844972179906895,0.6655454040842963,8.968850272727273,-6.031144797979345,-0.1289675425241062
700,761,5,Gold,177.25398268619418,0.3875546406549279,0.6021572171486594,7.177064116428571,1.875690524296556,-0.1105937270733983
701,346,5,Silver,176.99290430159914,-10.360435417508253,0.9842507156256524,9.122616625,3.0349961134383747,-0.4258821004773184
702,360,3,Gold,97.45114366821208,-1.4983129055575353,0.5234829103878624,7.769766192207792,-5.111288858248001,0.0720791170447126
703,559,2,Gold,85.94080032752731,1.492872119285502,0.4143973787635034,7.180091602794411,-5.440925051990581,0.1350264581116229
704,267,3,Gold,93.43623918898348,-1.1668963191299846,0.4789170179811373,7.0844893,-5.121044317964681,0.1363682437339881
705,496,5,Gold,86.88333183036798,-0.3831468795226629,0.5102439740778916,7.3462887,-5.680163157423031,-0.013007688756514
706,800,8,Silver,227.7172897311489,2.5193766430592888,0.6891617349635566,7.841581191764706,-0.564293595810867,-0.2694086158001727
707,200,2,Gold,233.7427837141527,3.9318490211448047,0.6619455709171426,8.394221,-1.8403359343236996,-0.6783185327380795
708,138,2,Gold,321.09149772847763,-25.04753020394088,4.144282934492735,9.228327,-10.504736465136071,-0.349534640625607
709,159,3,Gold,266.968729742134,1.899518759663248,0.9499016952126814,8.16788997368421,-7.90030251960168,-0.4750033242700069
710,280,4,Silver,62.86714235123999,39.02069162225156,3.2302271775615434,8.627852142857142,-0.5273437953489257,7.075860263569448
711,316,5,Silver,343.05919017646295,1.699446214781594,0.7272574433622232,8.657346146341464,-2.625175702718873,-0.4906353218335784
712,320,5,Silver,17.205232802143193,1.107826407646562,0.976565710113226,9.102797666666667,-2.4869859267368764,0.7925698729590058
713,94,2,Gold,244.9657801489972,-1.1578906178166393,2.883589012668777,8.283110559999999,-1.6008142349768106,3.97302920277366
714,119,2,Gold,11.863525190842104,19.06594198475536,2.591255112062776,8.709459,4.7175037380851,4.872632101136926
715,1880,4,Silver,57.030561643608685,-1.8637891897351275,1.0308964617341416,7.4618473,-5.282034614009138,-0.5828156445610767
716,517,4,Gold,50.94288866627218,-3.612716921662375,0.8531763409614325,8.157175743181819,-3.69859872638289,0.2647893414223066
717,101,2,Bronze,196.0167771854412,-8.165773668826295,1.0535199813944018,8.790503,1.150930259294662,-0.4353341539611941
718,2281,3,Gold,237.1851996131748,-9.060732712092149,1.2503561016129334,7.2506905,-3.979611667935927,-0.2145604634041633
719,1619,6,Gold,299.80477325116226,-2.000611873965945,0.5662848897059625,7.499876442122999,-4.453300134997075,-0.1378959832271094
720,993,7,Silver,310.1388103571083,0.4918603130756959,0.6797584210479622,7.7537306683139535,-4.469971334805207,0.8222474148655123
721,1120,6,Gold,302.47522175223344,3.491031330041812,0.6046569695256564,7.5484349792349725,-4.1438910497417965,0.4588267054179094
722,639,4,Silver,275.5687738958486,1.32034287383392,0.6493715614058921,8.1854625,-7.258391916353196,0.2365495103236117
723,362,3,Gold,71.67087703238057,-1.6436417343323428,0.7320031436222816,7.734890229437229,-3.686916692774468,-0.5908883286212689
724,452,3,Gold,77.14584743100258,0.3177687664622927,0.6219239306848465,7.2107844,-3.474521175766044,-0.5192523558543637
725,398,2,Gold,79.1388624637116,-0.2210856763843504,0.818386283141481,7.188921991401274,-4.102834360458971,-0.557525072037311
726,1646,4,Gold,147.67586254570858,-6.603694723914378,5.782602167431167,7.967024,16.406790190241843,-0.1001952489093942
727,525,6,Silver,200.0833207583619,-5.446202011250215,2.2118764019496684,9.096499617021276,6.092246483161071,-0.3363987930994945
728,425,3,Gold,171.0370021939435,-20.96425104731258,3.8588410017878623,8.968163477488151,12.705239219209837,2.8574950118519764
729,561,4,Silver,227.9721809599784,-25.91712892000371,2.490925587374151,7.952599,-4.6931454629881735,3.113503068287372
730,591,5,Silver,178.68964526688893,10.510518520751068,2.068323205574235,8.956885663043478,6.492917374128657,-1.5969220239495083
731,862,3,Gold,161.40297131649294,13.076907867681598,4.890521214863947,9.239791559734511,14.051318884293186,-3.847740474020843
732,1131,7,Gold,161.5850259019817,26.03554263817721,4.322933920221263,8.283130404205608,15.784012831003157,-2.393287326090965
733,147,2,Gold,182.5648702203836,-0.1441122022923208,2.308153215923959,9.261189,6.733508500941369,2.1502299100594366
734,686,7,Gold,165.1699795415335,0.7221403794450119,2.001037159804937,8.757391067415732,8.208490130846315,0.1613951247185887
735,615,4,Silver,158.86517588702614,-2.4552931501775794,2.3870987314130887,8.36201681768953,8.997316085764698,0.779361278664009
736,305,4,Silver,255.6646605648868,-6.045703596685721,0.8400292381123909,8.157093,-4.78779885538902,0.0256879163635371
737,105,2,Gold,243.7992447041068,-5.92694257632012,0.6183818924151048,8.177564101562501,-2.964946610800202,-0.5761339778500861
738,137,2,Gold,244.69402793489624,3.056984355788478,0.4971072532798977,7.663183,-2.4244129997571857,-0.2740959869584334
739,358,4,Silver,248.07182775196463,-8.302675074818541,0.9232239036216362,8.822879842975206,-3.637489828204517,0.7842556285273741
740,161,2,Gold,244.45132959299903,-7.517580585504754,0.6736224734334421,8.862318902061855,-2.6381933234098245,0.5706976699211767
741,480,4,Gold,243.4854983604636,2.145558878464322,0.4415874141513474,7.245765885135135,-2.336064083723436,-0.2358241304638827
742,875,5,Silver,244.77980367443905,-4.228434240675576,0.556424409287614,8.03185932581967,-3.190184781721096,-0.1263943032787043
743,1105,8,Gold,240.7223998543308,-0.2493900145382238,0.4796774760695484,7.399619004237288,-1.989642157277576,-0.0217593035677327
744,330,4,Silver,10.680854976991156,9.370052906849477,1.0202176179117577,9.198376027586209,0.2448078228595077,-1.0957966793824976
745,524,6,Gold,354.4579233610335,-3.4517836883629816,0.5937431976116119,8.122620806818182,-0.223516254987642,-0.0639667183642314
746,293,2,Gold,293.16520248437416,1.7944235922636704,1.001503831341091,8.331239427018632,-7.361247291240715,0.056685627932304
747,304,5,Gold,284.6399940940614,19.825498574133604,3.432294476341116,8.466590317460318,-22.07651063207006,-1.8479732028537337
748,150,3,Gold,293.1475072232977,22.329392598803786,2.626801313911073,8.826821818181818,-15.961041235709429,-1.1501039975288831
749,465,4,Gold,294.65564437798105,4.334481786743996,2.3306406111484907,8.506786370535714,-13.831430979829346,0.4342886112831836
750,110,2,Gold,289.9970502814057,8.927803873527518,1.7662560842045312,8.81540473015873,-11.026203289708445,1.6869356432268678
751,3841,7,Silver,277.6217732122227,-3.031998094989288,0.7444579437078988,8.049763,-7.225938445913236,-0.1369453390928686
752,239,2,Gold,278.1172243698226,-2.3559139624150527,0.6181755641319602,8.013548952046785,-5.955288242673671,-0.191254907290835
753,207,4,Gold,310.020119466237,-1.3384552708537591,0.6329631435159738,8.432925875,-4.350425227193659,-0.0614000290209382
754,379,2,Gold,53.71463681411978,8.403121920155739,0.6818621552858234,9.164801,-4.626700317195877,-0.3429341663914955
755,205,2,Gold,58.42555528997256,5.84392901059674,0.5487580903372822,8.907486,-4.227603070999299,0.1024747664725678
756,204,3,Gold,62.37711937024042,4.2773904093109145,0.8826187658315083,8.939350833333334,-4.09245889488069,-0.3966242980966764
757,220,3,Gold,327.5256894766476,7.069170128924229,3.766384131630735,8.84949,-11.686531312522154,0.8068734883527671
758,235,2,Gold,38.056622423908,8.292652812714314,0.650572421890785,8.957013,-3.970492120129818,-0.30362070787143
759,154,3,Gold,92.01062444634442,-1.5630291305101718,0.7867198851016138,8.6627398125,-6.190194882161576,0.3705759529206409
760,309,4,Silver,33.87248834385999,10.194368288738632,0.7014343143751093,9.302382480337078,-3.0034991875823915,-0.2571680835512429
761,146,2,Gold,42.68959890987499,14.71962212990849,1.124636979758742,9.1896653375,-4.277890501239471,0.3611627603830157
762,1025,5,Gold,288.090760915672,1.6711505362048202,1.2408678572207887,8.20763049372385,-9.368242186405292,0.3013153703908082
763,1601,5,Gold,26.1457540096648,-1.3119774680257277,0.5693532604452186,7.328987273823884,-2.057793840075378,-0.056946126329728
764,585,2,Gold,31.409638458605247,10.487232362071689,0.9144108734440672,9.269967676470587,-3.328215036110039,-0.4256449704431254
765,973,7,Gold,71.12103132501768,1.2880873445817147,0.5210849642290623,7.422082114606741,-3.8796620890957296,-0.1865153311337893
766,774,4,Gold,63.86582282666457,2.6586922470212624,0.5554472743196965,7.835570786890244,-4.451124407202176,-0.2368663960848564
767,658,4,Gold,288.12179163081544,-0.5158630048184097,0.5231736504783587,7.686058966346154,-5.849196942201033,-0.1238673445980141
768,240,2,Gold,288.88575806457453,0.8649371472939834,0.6348712961247971,7.746898,-6.32626209115435,-0.1900566771810547
769,449,3,Gold,70.33351129000438,5.315051580613329,0.7459463173351454,8.992276,-4.860985842203171,-0.211860946977477
770,445,3,Gold,66.4097431401168,4.072550352783723,0.7288709595125805,8.9592705,-4.731740154788966,-0.161742394845161
771,147,2,Gold,67.75505891485301,9.90453897817651,0.9312371627407144,9.057107,-5.440156960981645,-1.0904106179101556
772,2834,12,Gold,284.91609631307324,0.3496807655891301,0.7773370698758025,8.379239846863468,-6.742889667830188,0.1083508153508187
773,182,2,Gold,286.1809199397394,-1.826708445175707,0.9177293344975092,8.680099,-6.912236315096181,-0.1389333576480482
774,324,2,Gold,252.48509830669755,0.9487720219082036,0.4855898445316498,7.255006192391304,-3.494101383233266,-0.2210345900770141
775,165,2,Silver,284.4071674153079,5.694878582792317,1.308056417366672,8.728069033898304,-8.964890839724932,-0.4724844262630339
776,298,3,Gold,280.16220273030206,4.78240888056986,1.0380498435326166,9.013215050724638,-8.808214403228856,0.128464218329899
777,174,2,Silver,283.3561759866035,3.02054615071032,0.9187678430494132,8.813868,-8.192152564676983,0.2167026111880641
778,401,2,Gold,278.7191749494166,1.04843864050718,0.7254728838955268,8.782755,-6.707270546283136,0.1157629858103761
779,145,2,Gold,51.777843109715015,6.461532500463993,0.6202905581802426,8.976916,-4.002728261383177,-0.1461893757379848
780,220,2,Gold,49.68253125983039,6.972231495826051,0.6150990019518773,9.006698142857143,-3.9444994747987256,-0.2664605144407382
781,123,2,Silver,38.49405898631787,10.284297235651762,1.08990368157221,9.20105,-2.6205899657053155,0.0846387412997893
782,613,5,Silver,275.8139735959092,-5.080782554982446,1.1205306892469151,8.7307415,-9.32642299863737,0.3606189686148837
783,240,2,Gold,266.9323651727336,-7.193524432108441,0.8484462129390307,7.7385945,-6.2469096085173454,0.3176587519860964
784,221,2,Gold,262.5146099226698,-5.639686241975816,0.6503221051158112,8.127854,-5.589460127566012,-0.3962292818117719
785,116,2,Silver,76.67049416931818,7.207127080175208,0.6170020675897978,9.08326746875,-4.1576181436039725,0.0701485338850779
786,804,3,Gold,77.41628907446179,15.615789841901886,1.391971646312694,9.232963120300752,-7.976278145486079,0.8811715665625778
787,374,5,Silver,49.27280598393355,10.782498870765018,1.0156979262916446,9.193220816793891,-6.051347975031984,-0.8854163354549569
788,252,4,Silver,214.44562759093745,0.3262667096332342,2.7776552815359468,8.80886889361702,8.710833661254377,-1.3329444967274613
789,1676,4,Gold,194.67508717622928,-2.679330290980624,4.371605113450974,7.525066,9.290429813599063,2.858770407646546
790,528,5,Gold,249.88259663940863,-0.3278094743233882,0.5682114429360183,7.899548236714976,-3.43498154443756,-0.2733465288001812
791,149,2,Silver,72.20886731570222,8.668087134795886,0.7914784360266572,9.060207,-4.852918121621354,-0.1158023815560551
792,748,7,Gold,62.4779314355021,10.13650663549024,0.9054903283365928,9.257397584615385,-4.736256948922252,0.2572649169087709
793,151,2,Gold,354.23204298433143,-1.0365512427813752,0.4768733842895729,6.8994274,0.2416665135576219,-0.1596372330450025
794,299,3,Silver,204.1131759803723,-1.3799571186695,1.0547936296061224,8.382728607361964,1.430374913827463,-1.2556496754686552
795,182,3,Gold,269.7839086650522,-3.0754463681345774,0.8072588513027146,7.8023448097560975,-5.878189974867153,-0.0740253389273732
796,918,4,Silver,276.17521180489587,-1.2254111156224354,1.443669684452907,8.163404689655174,-7.0547822801091264,0.0842366286783712
797,2397,7,Gold,275.7404841621353,-4.297612664322733,1.709747523545388,7.687181,-10.032340387413129,-0.4854021050785153
798,641,3,Gold,265.6332678781778,-0.5428280480164669,1.9673032090004,7.6180573,-12.003912260051818,0.0434563999922317
799,1124,3,Gold,254.6981052675582,-1.809111761854298,1.107771221292228,8.250841005405405,-3.8196325079106015,0.5176591077593514
800,144,2,Gold,324.4388479594612,-4.640582904666772,0.5798985381163118,7.886975655172414,-3.186811746984556,-0.4906548609384476
801,654,5,Gold,246.15541871923244,0.1907127278290238,0.7288266173235629,8.343582587301587,-3.328693603539589,0.1625931599543513
802,1894,5,Silver,261.75478761838514,-5.250811503778614,0.8947240715839296,7.944621,-5.523962667169285,-0.0016912061907605
803,755,4,Gold,258.69888322051725,-0.0228057229017256,1.3121934152852557,8.058236,-7.314740058489633,-1.1160660622593408
804,185,2,Silver,253.4391542587728,-0.3655771443135946,1.0137078387935925,8.56848291,-5.876006136241738,-0.4036544562108326
805,186,2,Gold,259.0539490292241,4.205347459255888,0.6722617659434335,8.792074226190476,-3.811884240246436,-0.666678325323176
806,116,2,Silver,50.16897318130094,20.38478964862225,1.5475909427720276,7.98802,-8.846367704338517,-0.8792514944236955
807,499,3,Gold,316.3377843981725,5.438709625001294,0.9490137656537834,7.8307405,-2.864135288015818,1.1749075749189228
808,287,2,Gold,329.2902791766035,-1.5438450548478757,0.5823592850081962,7.5191064,-2.14571337157996,-0.0497376203953957
809,510,4,Gold,331.48961402841667,-1.8366156574882813,0.4967991817478938,7.3411745675572515,-2.214709787470356,-0.2564231632048629
810,918,5,Gold,88.69096574280714,0.7834410691776413,0.5960365348644981,7.619057053097345,-6.2580872306427535,0.1571786803419132
811,1582,4,Gold,323.2150934458431,-2.555033544013476,0.5595682344799742,7.188910658571428,-2.5206330713038154,-0.4957652320177872
812,644,3,Gold,319.82491773939967,-2.2729126820961723,0.5118387723252014,7.019046,-2.9309967710602187,-0.4808198365242232
813,502,3,Gold,253.84881187872924,-17.27632770343798,4.035714567380531,7.712814,1.702569309805765,0.2334003677634983
814,1861,7,Silver,288.6782105997807,-13.345372046144936,2.8379956616671307,7.787162,-3.4084113596813586,5.62538626344027
815,3497,8,Silver,275.8336107061673,-7.4578337034504125,6.192329887763112,7.527276088390313,-1.7598167649299867,5.2045618882446245
816,84,2,Gold,150.04684639331282,-20.0647110796016,1.363860053766317,8.505857813953488,-4.439141450858598,-2.8414606409077647
817,88,2,Silver,163.16506925422598,-24.324525650833223,1.7346923307698816,8.865266836734694,-5.519411027900553,-3.1347187842232
818,359,4,Silver,71.34097946731936,-17.872340197583185,4.375639531240163,8.867469470588235,8.783091212001798,-4.412745425675681
819,202,2,Gold,44.061803005360986,-23.36002499662276,2.794874110109832,8.430268,3.915841561072441,3.595058620697112
820,2133,5,Silver,31.650457001172047,-55.5846558187363,3.8961372743997305,7.874213,5.63673884715975,-4.001361877239543
821,260,2,Gold,304.3361138408229,-1.031999007482029,0.4438408100610745,6.7122536,-3.2302797342193714,-0.3160335424075436
822,100,2,Gold,304.9620634177655,-1.0927673348271,0.4688526910507953,7.374148054545454,-3.9561036265525504,-0.2100617701683961
823,498,3,Gold,278.9954772696949,-6.664556354565596,1.1179903166912806,8.265158,-3.596788380062034,-0.4716660461095412
824,122,2,Silver,37.80857942348221,-48.36983794215894,3.4946746131911928,9.441367,-9.069950652679797,1.2326868152979111
825,711,8,Silver,94.17330487784508,-4.001718370561886,0.7148295930793832,8.770389423913043,-5.2106885531922575,0.1417913413147715
826,3326,8,Silver,86.76297325747058,-1.4245172940723376,1.2676812034403178,6.580629,-5.236556298656766,0.5282927734079141
827,306,4,Gold,119.25980831391402,0.1608192731172273,0.7119254186466624,7.745998037974683,-2.989366068420719,0.121317922296358
828,295,2,Gold,79.52681144180706,-4.338415695608332,1.115707243205315,8.88907747077922,-6.207587645876216,-0.7283099030501394
829,152,2,Gold,78.44100352509179,-5.402957041049938,1.4623391461050863,9.124772,-7.702971402984711,-0.7198082942271904
830,166,2,Gold,355.63928695409527,-0.4898363029795605,0.6495948709823001,6.953145850434783,-1.151207561465854,0.1711458873851133
831,1372,11,Silver,309.4614467714714,-0.0852151391948982,0.8465726100606468,7.946363802941176,-2.7891293495992078,-0.3017827008655459
832,722,3,Gold,264.1574764172097,-13.643983745489567,1.430788063001207,8.044437,-7.167595501108248,0.7228021584089024
833,564,3,Gold,255.465283968246,-21.899424836165785,1.959824203857106,7.512879,-8.37599098034785,-2.644766650664899
834,158,3,Gold,38.12901101005321,-3.38288369502308,2.136976302858311,9.059374,-7.512111948003241,-1.006448486615946
835,1247,6,Silver,251.31602028934483,3.564896338879952,0.7404336379220054,7.4836965,-5.35497071320085,-0.3460011537632428
836,775,5,Gold,175.8438326874864,-12.414457539416032,6.3008103098022765,6.569097886312849,5.789372081799375,-1.6911691523960224
837,321,7,Silver,42.89982037018846,-14.833088092314394,2.464059149113347,9.00805341509434,-1.833432309055944,-1.7435028833310842
838,382,6,Gold,190.92283096877395,6.7792066756702205,3.7686678269584393,9.207963,4.868909825919154,-3.1654692973407235
839,202,2,Gold,93.12156311816368,-1.499530020182328,0.7303001035883003,8.444759,-5.672838040217364,0.5047883418987078
840,1118,10,Gold,265.3331703803551,4.54376458417105,0.7558416237826757,8.780662852739727,-4.808812506308793,-0.0818837670594341
841,517,5,Gold,262.13740532857145,7.391285750218686,1.5305681067052266,8.853902510869565,-8.431501020964664,-0.4338058614067626
842,576,4,Gold,274.7062664618126,11.339555827381917,1.6003965392278992,8.403898128712871,-8.78878025205301,-0.0072546399624885
843,184,2,Bronze,268.0460533394466,-7.736078820734969,2.682638206351532,8.927380604026846,-18.0296901643931,2.0178047472838343
844,1433,9,Silver,339.53658545285504,-0.3443909303341702,0.6152282503741963,7.316262663966049,-1.8590799634541868,0.0687649416378151
845,584,6,Silver,253.00841097536443,0.7529678151435664,2.975426995403402,8.914270409090909,-1.5391208097076885,-3.4485005270612428
846,960,6,Silver,83.12874975152772,-6.957200672060729,1.7683834807072656,8.279698999999999,-5.1914605370590685,0.0065890762378948
847,204,3,Gold,74.66019461211062,-0.859268398060368,2.068617515612164,9.236779847826089,-7.69725666650193,-2.104689866267748
848,338,5,Silver,104.22394931750864,28.363764085168164,2.5809777299054577,9.368790064516128,-8.472023944809402,0.5681622104042097
849,143,3,Silver,156.59560435080772,10.203007278088345,4.127192754375919,8.671385079545454,0.1374805760382287,-3.6452564175215088
850,967,5,Silver,203.30334641107103,-5.861868876768912,0.9724214625697696,8.038392,0.4275268732833408,0.4445866549503874
851,915,6,Gold,109.73771326288664,-4.57480931361564,0.7870731480043529,8.712168,-1.620784439277428,-0.1805766771673669
852,591,7,Gold,107.8507010753037,-4.033583099120131,0.725077002978589,8.682435833333333,-3.646599331324701,-0.0772095143452356
853,589,5,Silver,192.9866140768583,6.020922831219701,1.324133159788477,8.189107532,0.0471445491808233,0.8260863013865758
854,445,6,Silver,301.6318759486559,-1.772916252402312,1.063359521523134,8.342776764925373,-2.34186393356089,-0.6157886116757953
855,313,2,Gold,24.006535054233165,-11.461980699696342,2.066024980132932,8.059074077756653,5.304779495895373,-1.1090562571761549
856,75,2,Silver,117.30015002165716,8.503780775982419,0.8865234109270024,7.768642280263157,-3.66935796942423,0.7083322781992045
857,835,4,Gold,11.218606577742824,-11.24175272241582,2.3667063285804,8.658511,4.472306877210658,-1.815652739316886
858,394,3,Gold,352.54123026796776,-3.2634040545019323,1.5227566768061949,7.828188,3.589875254154472,-0.7200119301920689
859,239,3,Gold,288.58760429827544,-10.295698584929248,2.278228911875148,8.226004283157895,-1.9688832680140536,-0.6210159031700972
860,240,3,Gold,14.80758206524637,1.7231533045573602,1.135215683482301,8.5851875,3.5181951330560635,-0.1187327098191071
861,324,4,Silver,8.197529468078962,2.9630697801221832,0.9110419604713328,8.747743407407407,-2.915812118610046,-1.1039738137875212
862,1101,4,Gold,73.88837127241675,5.897002252771446,0.8600155141238164,8.291619543560605,-2.8402486174874224,0.4483388596906046
863,268,2,Gold,337.0115796455161,-4.562514281355897,0.6002588528030723,7.216977,-1.7561077837897607,-0.5325339408380001
864,141,2,Gold,1.656199310617169,1.3192794315281902,0.6177342699766403,7.1028075,-0.796513741067933,0.0792061198112784
865,492,2,Silver,71.19879275635881,-4.227548428031774,1.2163956213183291,8.200273,1.7261524396420445,0.0480927450107981
866,480,4,Gold,64.74448353857152,-5.107044533261958,1.1303474905375874,8.623354117117117,1.1609145636730558,-0.0645257036192588
867,1177,8,Silver,331.9340732884172,6.343266944377454,1.9721500474088005,8.466228633720931,-2.990490656350471,3.3649271006223485
868,187,3,Gold,330.24020476397703,6.611776272866295,1.4184014457521656,8.778828690000001,-2.0102923121149257,0.3249340413654971
869,1088,5,Silver,326.5593307638188,2.880742291763923,0.7543269488787019,7.6282125,-2.7745014659412077,0.0579845014435602
870,409,3,Silver,330.44496916341376,4.817161340188463,0.8786728243278314,8.078469157094595,-2.3752822390359745,0.2155412944674435
871,155,2,Gold,13.843147302192872,0.3926903571319341,1.3328179872511858,9.014398726495727,-2.734901241345328,-1.569987770811857
872,713,4,Gold,307.6339564959769,1.163152621763757,0.4615850250089432,7.253339754587156,-2.514596137099682,-0.3687913573939234
873,1439,3,Gold,309.053778653658,-0.7147202431999378,0.5688470452966748,7.335846,-3.261935084289054,-0.3702096707339348
874,620,8,Gold,247.01648501286155,8.852938707454815,2.0779477861005047,8.7472116124031,-4.224593459042328,-0.5275973641291893
875,84,2,Gold,223.2321022558611,9.962286613869576,1.6874602700411692,8.742924117647059,-3.3125385620635326,1.0193740261065858
876,109,2,Gold,271.54580492303427,-6.145445101719608,1.2213342786114725,8.220562037313433,-6.150528501461938,0.4413052584140893
877,1005,6,Gold,348.69378919081964,-5.229702481344466,0.6177014817623052,7.592840388340807,-1.295189096328081,-0.2488477080815814
878,684,7,Silver,339.03163486067984,-4.067103158695827,0.7427644821991878,8.44072903508772,-2.9271019556824616,-0.3516205005197108
879,524,2,Gold,338.8204505157241,-4.37815659830158,0.6933873887117236,7.5400224,-1.5825619616636095,-0.3632559666513927
880,1108,4,Gold,64.09228255529825,-0.6957252659665714,0.9585691801874878,8.042661,-5.145775085770785,-0.0686713080848898
881,241,3,Gold,297.7333379028371,-37.517594631503975,0.5483895218882314,9.679108,-6.234795656481552,0.0319298135676839
882,557,4,Silver,89.09840778902952,5.829638212565514,1.1188581690160946,7.799450368292683,-9.08787403838625,0.1871550156906443
883,355,5,Silver,353.6345979480142,-6.248988695392598,0.7688497348829092,9.271739415254237,-2.092187190055495,-0.5990988955208001
884,568,5,Silver,268.6628330631006,12.2409452420164,2.734026212950301,8.05141075,6.732587845252134,3.3590754325654384
885,442,3,Gold,315.2226619807171,1.0947085263060068,0.768094774032771,8.460685,-2.8447443754744954,0.0699357832822065
886,363,5,Silver,175.714825236311,-1.3451795309703265,1.3570517814438228,8.3453124453125,-0.6981252896926056,0.8679868265908937
887,350,3,Gold,308.3448136731501,0.2334788340839999,1.0468162973949915,8.291048206896551,-5.508506025434953,-0.7227660939288066
888,574,3,Gold,137.76507425791914,-3.259936670964513,0.8157129857998817,8.606619840336135,-0.3236753973985213,-0.405757594835457
889,506,4,Silver,133.95275106699034,-25.04622897707172,2.760298871139055,7.995702560784314,0.2247720228789433,0.2474940799704816
890,2403,6,Gold,343.89212243390875,1.3985703868819097,0.6061944023259545,6.785910671473354,-0.289471608122184,0.1685899629430125
891,145,2,Silver,168.34800088637246,-2.2374489847198675,1.297740212098042,9.002198646226415,0.007858061050288,-0.5028393103821402
892,1404,5,Gold,70.07966565098664,1.5726532570326066,0.7546996185966512,8.090500524734983,-3.60823640461576,-0.1204772255533631
893,246,3,Gold,212.6882348494509,16.6577142788391,4.763030596397941,8.472460340909091,-3.734494826410336,-8.469842308668618
894,9573,17,Gold,336.93829119330803,14.510967930333834,7.146078889576854,7.1248016,-8.046610577935962,-1.2573803419111913
895,1234,8,Silver,300.34424017300046,-7.31567395091777,2.4414831323046564,7.602372016035635,-6.81661575474998,-0.4912586913741876
896,1172,4,Bronze,154.86729828063187,-15.616578581572202,1.5307454596352128,8.331502751658768,-3.634573098884912,0.4519583030059573
897,84,2,Silver,18.432460193959443,-10.036101947847042,2.300861384278784,9.138612,4.081458009112239,1.8888574862451717
898,815,7,Gold,142.74891327715497,-8.689663141996371,1.1343287506456718,8.165767127764129,-1.1993143661122487,-0.4545643878822343
899,98,2,Gold,28.230143545512007,-5.61991202361585,1.3618478884112837,9.372251576271186,2.419193265817835,0.817101188779847
900,1125,3,Gold,112.80972861641985,0.4273711503449225,0.6143759001221414,7.8210816,-3.862405490053561,0.3910735231169898
901,129,2,Gold,34.32867573187504,4.307966811831499,2.1792267883149297,9.133938136363636,3.976783287348472,2.716786191485788
902,283,3,Gold,30.409669841196624,8.054860151642997,1.6223770003548788,9.123384585185184,3.927460514580792,0.9115234580156188
903,94,2,Silver,77.66233405634192,5.960759511522194,1.36065624291221,9.273864,-7.558135216290553,0.5257413127997904
904,347,4,Gold,347.99186664358257,-5.807443662537645,0.8790158437861587,8.997097185185186,-2.511037584129952,0.3593334779566963
905,1686,10,Gold,36.08386278479375,-9.127563171823946,1.3659571992998565,7.687943944444444,-1.30761960720816,1.6421222840705814
906,321,2,Silver,181.769700068686,0.7856091986188609,0.8776512403492304,7.6399403,1.3989219735709535,-0.7024790461207304
907,236,4,Silver,344.50052676925293,1.6659020463271024,0.9960028276998784,8.887192133333333,-3.089063929311152,0.4843854258974674
908,433,3,Gold,327.72069951325733,-2.0461424121233813,0.8386758646559273,8.893711507434944,-3.4725183480113984,-0.4992967763395668
909,200,2,Gold,331.408782915866,-1.5373015095011138,1.0101613360124535,8.8131485,-3.222153921341276,-0.2574700094026746
910,246,2,Gold,40.39262626749506,-3.773509021690809,0.8110727906442634,8.443319,-1.5822312477767415,0.1338769481426871
911,391,4,Silver,338.4751599463574,-4.944450481031465,1.0532474932355345,9.030481178832115,-3.675823855675816,-0.0722853276700863
912,574,6,Silver,333.0991869334165,-7.39548676445431,1.1728869571721958,8.8547896875,-7.049939858108075,-0.4864442398718195
913,379,2,Gold,20.25550598258416,-1.9122736007904668,0.9152778862054703,7.709569617123288,1.9440191715253148,0.5087931458039558
914,435,2,Gold,341.754155538533,-1.7347485679673744,1.3460455337373427,9.096710642045457,-6.221851943937985,0.0141713538835772
915,330,2,Gold,337.72966618857083,-1.939503983990891,1.238343062222384,8.64212625,-4.929693771422074,0.4087023669563053
916,263,4,Gold,345.6542086359817,2.143141828919987,1.266761904211559,9.056694258064516,-4.8801225856922175,0.8396056362909505
917,359,2,Bronze,35.21038119956341,-14.419511661178603,3.047917582512343,8.813321,-6.756400946022664,2.3947689516737585
918,330,4,Gold,31.6845654025992,6.969875880513138,2.106629085165988,7.988769757142857,-7.586306560578802,-1.639237750833164
919,2108,3,Gold,49.15042038685141,3.207338925612248,1.2219330956609569,8.04208,-6.092009953445519,-1.0857883085763818
920,2368,9,Silver,108.90730963024224,-2.4032820161377,1.0017095517932364,8.163223099403577,-3.473315531862584,0.5814990425985642
921,242,3,Gold,76.52114077064445,-1.5585707111114466,0.8324766353054145,8.11647726506024,-3.878392003520837,-0.2719710391354345
922,3620,16,Silver,138.0995546188008,4.337963399289162,1.5043784116077092,8.019357732929992,-7.165003446484612,0.3396140374648023
923,505,4,Gold,197.07908001133248,-5.020105363229843,0.7137406657394484,8.373876600000001,2.3071430430406985,-0.1430013160381131
924,131,2,Gold,83.35646325186444,8.44211569265266,1.0894866880448009,9.072014,-5.849823015524025,-0.720741834374024
925,248,3,Gold,67.07524357445621,2.1862666307013114,1.1082667104538129,8.168231719298246,-3.650198237101513,0.1047044839468272
926,712,4,Gold,73.72786487165823,1.8978950867014115,1.2015510849711477,8.20985,-3.679268092649258,1.1452109249599325
927,304,3,Silver,174.31312074374617,2.811349015543631,1.2772910348875417,8.291432186440678,2.727847461016358,0.8147973410493949
928,946,2,Gold,13.860791295354062,-1.8671429814837333,0.9334457291462864,8.674805,-2.243416749598473,-0.3042133117312221
929,346,5,Silver,101.4150662192952,10.41697011228358,1.686598309119805,9.438253076923075,-6.92710790410274,-1.2421497760367974
930,217,3,Gold,117.29234640677824,16.752249231217018,2.8574790413113487,9.276284130208332,-8.797622996803005,-0.8497911691282427
931,779,5,Bronze,12.623220055730895,-1.2840704125887892,0.5755587279488928,6.9162793,-0.513242557354044,-0.7114865696537096
932,484,3,Silver,304.30222581996,-6.462385946877019,1.0540605833965992,7.894721,-1.3743858890950749,-0.7711259178489043
933,441,4,Gold,17.126651518818097,-1.2137642314349868,0.524473578815343,7.207472356176471,-0.4438114081027065,-0.0854717646339138
934,1761,3,Gold,9.984872535303214,2.830866923134504,1.355585413921531,8.458047,1.0405052163949071,0.6298982122293619
935,93,2,Gold,350.0194320017964,4.0696149259392245,1.01443989283315,8.38104640625,-3.2055604061832588,-0.8370153996969945
936,301,2,Gold,33.14004094254854,-2.704173021068851,0.6400798847133051,7.752470114143426,-2.492827694726395,0.2075803079492199
937,1072,4,Gold,22.695303368492283,-3.639137426809308,0.6907431923990163,7.6429978763406945,-2.3946668967509623,0.5588126363246577
938,416,4,Silver,6.225165820449334,0.969587015417146,1.1633014067924448,9.053104793103447,-2.122572984305533,0.156647893325331
939,166,3,Gold,9.483671753304384,6.668218445484082,1.4905055607990214,9.045085631578948,-4.854056563819645,0.3892227358783221
940,190,2,Gold,202.2512649894393,-3.2250756410903176,0.7612476823180723,8.385341,1.7146326098684428,-0.2159217207584265
941,587,7,Silver,212.1270390068985,3.4340444404219426,0.8650296983890868,8.623986499999999,0.7969829470681082,-0.503706394771936
942,187,3,Gold,39.677188443696586,-2.542707986175526,0.9824959667340794,8.884134271604937,-2.710384705104084,-0.1894909485819571
943,1518,4,Bronze,339.65380924418696,-0.1946043087902627,1.0947797011450946,7.657733804166667,0.5356916160508804,-0.5597193241409986
944,355,2,Bronze,104.08388934996444,-2.7203142855033926,3.6584624392281295,7.665952288445379,-0.7100942601630615,-0.1174100754651119
945,140,2,Gold,130.30417676132913,-0.6647669155863422,3.961040894987178,8.128169,2.7321156286642267,0.634446663620464
946,852,5,Gold,206.3067100966708,-0.5798254780190137,0.8132057019557005,7.803287897368421,1.3495561728647252,-0.1797011149678598
947,777,4,Silver,203.3531261219584,-0.3319426637109907,0.6659726882346815,7.560401,2.208330701601803,-0.1901363345332734
948,722,6,Gold,17.691102412746577,-2.8063720024216288,0.5875961424930083,7.451066149488055,0.4460592144584584,0.1018687709750942
949,109,2,Silver,3.1009533834114875,-2.29652919921951,0.7459041209219155,7.311106648437501,-0.5942827450582451,-0.1767051978602962
950,261,2,Gold,97.81125246900716,0.4958282699049245,0.9202128588187122,8.73753,-7.253641064194763,0.0075992795989594
951,1808,5,Gold,95.47981785708808,0.3778599093993723,0.7971422857665966,7.903431,-6.326235633722483,0.1872440979609209
952,504,2,Gold,343.9343271765998,2.7502988658286776,0.9706539830160034,7.821893017647059,0.9356102356607452,-1.2632669868821815
953,699,3,Gold,1.6357665290711083,-1.4331352262493764,0.6561738867910278,7.0408173,0.2709073003952831,-0.4178887987517343
954,300,5,Gold,8.41119274839697,-3.2612176985311514,0.6057685598181871,7.1029572,0.8270563790333931,-0.2404334315952292
955,602,2,Gold,2.8660619479850022,-2.792252384078874,0.5784489371883245,7.593757,1.045904673026283,-0.0310443380746123
956,1014,6,Gold,127.27309649684209,1.0330356667286626,1.0133784093957874,7.497454,-3.837463107749003,-0.2649614548413818
957,437,2,Silver,131.64387406164877,-1.5514639673351434,0.9290632608126932,7.8502874,-2.290785335090156,-0.2993725012076471
958,579,3,Gold,16.736797052846462,-0.7965616395667334,0.98720864145751,8.911486478688525,0.4578363186519405,0.094701141527991
959,315,4,Silver,354.912278724436,1.8585082793452232,1.147370402316466,8.24438206,-0.0085378752074771,-1.3343006854799957
960,924,9,Silver,30.21615693826933,-21.229732412889017,3.0501147397289303,8.196524252173912,-5.505218247818139,1.2849366366370896
961,306,3,Gold,312.0427766490268,-2.770753192289538,1.367855160603043,8.263336059701492,-1.1381022522565751,-0.181225572090567
962,1139,8,Silver,14.355702214575723,-0.0931927435701501,0.6447003648309573,7.126313521008403,-0.1671599313465389,0.8247004861184124
963,403,3,Gold,357.0505874659364,-0.6994072169559536,0.7659335504369412,7.5494400155769235,0.1442644155235226,0.2004273044559182
964,607,2,Gold,182.9584499713268,-0.7350690698960012,0.8144792278439734,7.5501995,2.5410320590549693,-0.2391985570519543
965,1475,4,Gold,3.8488631392054033,-0.7682052260546124,0.5605912239969928,7.087935825783972,0.3753061127257223,-0.0545539287676558
966,138,2,Gold,5.9577091590584805,-0.5595431491049985,0.5754898494038385,7.0773973,0.3782969618100735,0.0178938677146812
967,175,4,Silver,34.91795017908417,19.794573109248105,2.0130594611773995,9.056111923076925,-0.2160972003268493,-0.1118681771446546
968,394,3,Gold,316.8310673033035,-7.650179435212511,1.2801436714911936,8.204806921787709,-0.5411130278562875,0.3417544189883038
969,4867,9,Silver,14.28925393996662,-6.377930556358517,1.553447538362037,8.101136557132188,-3.757306053097627,1.5113708057154227
970,2623,9,Silver,327.0303051453823,-5.909419837732146,1.1754906022426543,8.000821506825938,-0.136942356270743,1.2260239640624409
971,283,2,Gold,157.64657595587502,-11.96219822124828,3.394814886524749,8.295061455172414,-10.698680914415403,-2.0490085664065543
972,901,2,Gold,339.9161178354089,0.5622291976150194,0.7020689992032841,7.690066697575758,-0.5619227992644387,-0.1588222464478708
973,1685,2,Gold,335.2522409737117,-1.4497467848763614,0.677601103527715,7.370497,-0.6291974447106559,-0.3308229616433815
974,542,6,Gold,127.68787584227924,-10.165937308497654,3.363085082576395,7.647312533333333,8.143779150902368,-0.8169999908113046
975,587,3,Gold,96.89483630580116,-3.837470250947803,0.8156882324629224,8.096239,-0.4462461184188899,-0.1714781088182309
976,711,3,Gold,14.900228140742968,-1.9184539516470824,0.7999805739303671,7.784480701612903,-1.19002917886819,0.4752956780477887
977,603,3,Gold,358.2657094062371,-2.4746460097504177,0.7331631238858137,7.329193,-0.1125420673500972,0.0051481411587039
978,766,2,Gold,33.22968917293542,-3.296830685686384,0.8375829362014209,8.11315713908873,-1.9365593821161131,0.1391071915621652
979,135,2,Bronze,33.70561252608805,-3.2725501569349094,0.7801530638615283,8.263004842105262,-2.048210322142264,0.1389125875620764
980,234,2,Silver,115.40826763617775,0.6091912520623296,1.2014677547258303,8.394149776649746,-2.0962438740223903,2.132880014577688
981,1236,5,Silver,25.631326485197853,-7.449324183049954,0.9592003660496922,7.910860645182725,-2.9093297356969394,-0.0089759391626299
982,679,7,Silver,19.17010814744448,-11.54607595581622,1.5847019424336963,8.389398622222222,-3.670739586419325,-0.2286211205906605
983,1499,6,Silver,338.33392234506005,-4.976915450554468,0.8810578055627591,7.942290460875984,1.181652620299905,1.1504125783343144
984,680,4,Gold,106.03703711813714,-0.7461451543760396,3.8583693474175407,7.818758982089553,5.344997817798641,0.9758099837164962
985,308,3,Gold,119.33708423127568,3.478617028510918,1.709922819623866,8.440587,3.801637347909818,0.825577552332933
986,212,3,Silver,110.17825885672306,10.52316871048311,1.6309340261593368,8.695473857798165,3.711089213891968,2.342856594365882
987,264,4,Gold,104.78066410340077,15.928635300916298,3.14732707371166,8.596339333333335,4.901702354884825,1.9806502359451637
988,1109,4,Gold,347.0466465575776,-3.850006032659389,0.7732345369216002,7.783001292608695,-0.3368276670347789,-0.5045067232098199
989,219,2,Gold,220.89770462941763,-9.64071633063553,1.5868238150251583,7.4868975,-0.4603782286717642,-1.278940871985439
990,443,4,Gold,166.2467631717639,10.800096016570087,4.5440655435035495,8.774544,-6.902234698836379,0.7532653260833886
991,771,5,Silver,13.139570375153568,-0.3188743640758047,1.0198927693162596,8.832170721276595,-1.408035524954293,-0.2065217497579519
992,192,3,Gold,195.35860011678128,-6.631310620158891,1.0522861358651894,8.01149791891892,2.088050789544454,0.7665278278433184
993,476,6,Gold,4.868213479711409,-6.061052618850019,1.0207707268649036,8.27359601438849,-0.2831736691650277,0.0494856111712157
994,590,3,Gold,9.720615263532018,-4.683216572389064,1.1834103144539,8.957248997282608,-1.2053407216148773,-0.1379804562115898
995,905,3,Gold,5.70006262408511,-3.836010002052697,1.0595856863609234,8.537878,-1.1486789236904182,-0.0084726951562554
996,957,6,Gold,191.63145206832067,-3.5287007410932127,1.524690829292217,8.107632273121387,1.2201046899096086,-0.4086470110501605
997,127,2,Bronze,353.17033976715624,-4.133575107367794,0.7666827864360237,8.257304,0.039389052897268,-0.397308604773932
998,617,4,Silver,348.0112932721311,-1.2294277835091012,0.746310912355615,7.6610603,-0.1079346022589682,-0.3742058256307325
999,738,4,Silver,99.8381246517648,62.36394181676391,10.647830800679603,8.899916496644297,-12.091375433579104,4.892102059111881
1000,93,2,Gold,158.49581386040964,-7.268857782848817,1.2340504863068238,9.006730194444446,1.2305845135401676,-0.9337492321488235
1001,167,2,Gold,260.4859122711591,12.402807537257376,2.57911461063042,8.696162,-11.89924242532665,-0.261197619705861
1002,2468,5,Gold,194.28971653597105,-3.854841855752493,0.8683568680492502,7.845965605023256,2.025498090246824,-0.3488269463992425
1003,1483,6,Gold,192.83130519798445,1.5695971531612796,0.876855168034009,8.2818347718894,1.8965762554640224,-0.4392951964524858
1004,78,2,Gold,337.2374386429078,-6.51306533090908,2.163187558465089,8.771573,-2.419101837984638,1.1566922784659683
1005,118,2,Silver,331.40594347929,-9.50886702186775,3.1900224480127624,7.69033826025641,-6.55461899605488,0.2688545047186314
1006,1035,5,Gold,31.05299778010365,12.721292980138342,1.8279204466700087,7.2794623,-6.04453703457143,-2.879684854434496
1007,129,2,Silver,120.37230825589783,-0.3210566714988175,1.8063086960027983,8.883789231343284,-5.604307997670079,-3.6822615903793454
1008,311,3,Gold,10.039760904160904,-2.587197611909251,1.319198828252942,8.671813838983052,2.7460492830868004,0.311328167788478
1009,99,2,Gold,226.9529917230788,-5.9874776647083525,1.6183654168549657,7.661061,-4.774017187804372,0.0443796415154538
1010,225,3,Gold,30.45026861280776,10.234881264115495,1.7095949058714397,8.029776,-3.753807054650402,1.1170790692891406
1011,1283,7,Silver,98.54855404383298,-5.49476542862968,1.055009866447408,8.1655205,-3.883204007711914,-0.6111317257364113
1012,478,3,Silver,325.5804220702364,-0.2407374948759146,1.315093751445077,7.997382,-1.7975540328370312,-0.4410645615217808
1013,92,2,Gold,317.96770369093,-2.518884806679448,1.7999864800014025,8.120564857142858,-4.145292808789797,-1.18574542541845
1014,115,2,Bronze,316.32856946323164,-3.77285490215402,3.435017765673186,7.6330577734375,-6.352739900207823,-1.931216426053901
1015,296,3,Gold,320.91268028125546,1.4793907196577831,1.4352070367749126,8.07827807027027,-4.42789671398567,-1.4360528199539666
1016,283,2,Gold,153.2283767741466,-2.415821964991256,1.4744343853706448,8.385467,0.898601129242441,-0.6133437251723812
1017,267,2,Gold,153.4631433353334,-3.9502521167735183,1.993206940891022,7.9603624,1.3198173699172342,1.473060893240564
1018,273,4,Gold,328.92533366332475,2.2623795578416783,1.8400653234379512,8.155867283783783,-2.8855863847021936,-0.2858028171887454
1019,503,2,Gold,330.9408189244889,0.1845720494602035,1.3452862900482192,8.580799599099098,-1.164599117691687,0.4777436337598391
1020,319,2,Gold,324.66507438998855,-1.7022032504723217,1.0552628245134756,8.03410038888889,0.4075053801763495,-0.6237496673559724
1021,136,2,Gold,129.84858862841503,2.718772746762544,1.482247297567696,8.80321,-5.895196192656579,0.9189268358415464
1022,1704,7,Bronze,331.92221111749217,-1.922622437023425,1.0648102526436662,8.132271,0.3485564829290959,0.2949090429334575
1023,325,2,Gold,327.12686515847,-0.2678764722620251,1.121250930802232,7.969822,-0.6152007861599746,0.7463746829752431
1024,439,6,Gold,47.06155252228234,3.617762906243551,1.2323753624042972,8.79348148245614,0.1095784275620044,-0.3442039265928804
1025,2830,7,Silver,221.81044494533785,-1.221253967320902,0.9880789342735165,7.834445343443709,-0.1112841380670718,0.5398416099686631
1026,394,4,Gold,205.8349083394677,-4.143401219727723,1.52272560561646,8.020463617647058,-0.3528614452881765,0.3853669446668912
1027,228,3,Gold,127.76929137263102,-13.459443280469092,1.4178010428869467,8.310082489795919,-2.582118819189308,-0.9458322484598938
1028,1794,7,Gold,99.18435465334665,5.041096714142103,1.04868107102439,7.3536131389247315,-7.059886931822945,1.819045602276894
1029,123,2,Silver,130.26592714950365,-4.488896940583182,2.156964066727123,9.224641110795456,-2.7777080677339905,-2.530705236228543
1030,488,6,Silver,106.17763692569224,13.078618296175009,2.9038765132410003,7.022704704347826,-1.3008806862162254,-1.3283681437794317
1031,571,5,Gold,147.336833380217,-9.427267832544556,2.2079080272362974,7.81507,-1.081080180526504,-3.8321135221047817
1032,1188,2,Gold,143.74382900919625,-15.595750110827428,2.0090511152785595,8.391079,-2.89501258514439,-2.1986944458033344
1033,1070,4,Gold,202.5131621416156,-3.037230595692841,3.489359100537846,7.902233,-1.561803201148675,-7.4744055166856995
1034,555,3,Gold,213.8289153929101,7.488905618080658,2.202860117645485,7.8822894,-0.3109133551701553,-4.172859402190718
1035,278,3,Gold,141.50102094334386,7.503884856789527,3.394392645838346,8.129568857142857,-14.628993911460563,3.657139901071307
1036,1867,4,Silver,179.6284185820582,-12.618063371234758,1.6329410192433154,8.042723532483183,-3.0014102218989995,-0.5502471755395502
1037,107,2,Silver,207.59407725700817,-7.208355358313142,3.625783862323826,7.951166808450704,0.8714984647106512,5.445071143558865
1038,238,2,Silver,189.5364740048417,2.30071648029904,1.0881745124070843,8.130813904761904,1.0639233394780483,1.0417873921386005
1039,830,4,Gold,174.25456423222488,0.8490857791082058,0.8984508116143419,7.418965814853556,0.4759607152496048,-0.7381729971900581
1040,656,2,Silver,149.26322290049717,-0.805432516630077,0.9273904851201168,7.235201,-1.857771518188282,0.1334995362516413
1041,547,6,Gold,231.07196481697585,-4.808156844386851,1.5429839170994355,8.128028668206522,-2.792662671102102,-2.804407045653642
1042,432,2,Silver,295.793553434268,-3.081208210233364,1.524981824124835,8.115283,-6.142112020319828,0.5175515845164687
1043,108,2,Bronze,241.511931013853,6.276093683727773,2.673504935561477,8.591888573529411,0.0144775713664419,1.1777309460334855
1044,337,2,Gold,118.45190312776695,-2.192790918247953,1.108065090962708,8.681923,-2.2806530013107325,0.3370050895158876
1045,73,2,Bronze,293.2860060395513,5.134485057227436,4.261202052990512,7.9904866,-14.240936028799572,2.1410773601018303
1046,1323,3,Gold,127.82156609939268,9.441032295234452,1.1706255525684155,8.208453,-5.012966953310286,0.8733319275991591
1047,237,3,Gold,65.13997741434024,7.37008363457775,1.2024922177353838,8.623712717592593,-1.294856616504518,0.4789725442695351
1048,711,4,Gold,123.5376384438153,-12.623661625745024,2.24315777728049,7.974040420616114,1.1704191903888264,0.3298570366973044
1049,199,2,Gold,341.8084945979612,-11.075276928328025,2.127206954362289,8.253336,2.437024666425387,-2.738315982776073
1050,221,3,Gold,64.60615397465249,37.79197195203008,0.5022246990855432,8.585243078125,-6.119078648679297,0.0294272166135514
1051,422,3,Gold,279.56020721369293,8.053110694240388,3.277551798848556,7.8984404,-16.025626616084118,-0.9709746991196396
1052,271,2,Gold,105.03684129452328,11.704882721274537,2.1588403200549946,8.8175335,-6.319832715994552,3.021923344268236
1053,1051,4,Gold,85.21856123034873,6.759081862851409,2.9828757534974057,7.48187363864598,-1.559557440276322,1.8147447149623377
1054,421,4,Gold,73.14381396561588,1.4058159235218035,1.4951761216647543,8.033267425,-2.750695448998211,0.1333687417507971
1055,142,2,Gold,67.22540360151771,14.110426610012636,1.864592463902571,9.075096666666669,3.60974221991648,-0.1326574764183646
1056,235,2,Silver,95.56314560991808,-10.618789564581196,3.3765476056325427,7.75963,-4.8276797430066605,-2.813287582610756
1057,1128,6,Silver,31.041590676014955,2.993357339437273,2.2864223021081207,6.481341,-4.409369496723594,-2.989616933058936
1058,1638,3,Gold,15.54690690395232,-1.950016180220508,1.8979940833207107,8.095224326812428,-4.678658410334726,-2.702245763225807
1059,2889,11,Gold,215.2338972002503,0.1609437128308272,1.090145953259176,8.026897524875622,0.3182656261468637,-0.2845163573718607
1060,1173,6,Gold,228.0877675181087,-1.408135363490734,0.6656339699395081,7.76943306950431,-0.6441843741934605,-0.0374560555482186
1061,148,2,Silver,78.16897586228374,-5.2380359572206645,1.768550687489996,8.992856847826086,1.102936537115494,-0.2748467815323243
1062,128,2,Silver,265.024736689535,6.30493878834166,3.815885321738767,7.87931,-15.698778657637572,-3.202483938830843
1063,448,3,Gold,224.4673900567536,-18.074250222197275,2.800969214967034,7.742375487499999,-4.224083408939883,-5.185992748021539
1064,2337,7,Gold,67.72891239159497,-16.177575518623808,2.604352611564392,7.6587,-3.111097317738004,-2.797792112937388
1065,156,2,Gold,206.56564583235144,-4.260061560203399,2.1280100588178046,8.545311931034483,0.6827463578151307,-0.0704413480232319
1066,619,3,Gold,290.4555170490435,-11.358649350578176,2.019189922826697,8.01361054531722,-6.277008677420496,1.344684774007875
1067,442,4,Silver,67.92722668423241,11.815032551713514,2.5664551516560588,8.021849072100313,-1.207960013236066,2.0304516572471805
1068,2700,7,Gold,99.21587749264918,-14.872018876102729,1.938584911045505,7.037226740779854,-7.468775412054071,0.3253041295616667
1069,493,2,Gold,100.1815872601744,-0.3217508565180829,0.7785115884602543,8.094656,-5.364919614317933,0.3425600665732
1070,1032,2,Gold,100.69169294066474,0.1600730455436493,0.6497629903864244,7.9061627,-4.764135003033626,0.048587249402064
1071,2688,7,Silver,161.17594816364107,-15.747948723656238,3.092941861147384,6.8676357,-1.100532126009218,1.3756744105036325
1072,226,3,Gold,52.57762514927308,1.5504869269421873,2.5047968227976503,7.742397444776119,-8.022878718037287,-0.933787988236554
1073,269,2,Gold,179.418857326365,-11.003290991921247,2.098328257382525,7.3719454,0.2792984419047668,0.0481292143682345
1074,3055,10,Gold,131.74088738359714,0.95564705597628,1.728803491241885,8.186079740234375,-8.791233364981426,0.8852056058787667
1075,430,3,Gold,148.13922522944887,-8.455480872922104,1.822141136561976,7.982932376,-8.274487803552073,0.3617226386984373
1076,2607,6,Silver,112.43582937003193,-1.575336997445023,2.4000238598143446,7.1587224,-0.8006273816020304,-0.6399576252628716
1077,640,5,Silver,124.2356515185488,-5.470436212908239,1.5694197462485089,7.980733829113924,-0.8727849945709414,-0.1899263123392511
1078,1708,3,Gold,350.9821629822735,15.974079130842751,0.5453798950238715,8.961336,-21.074291532563905,-2.9740100157891085
1079,410,5,Gold,352.70440120089506,5.319235727327624,1.5975389457084137,8.58460105,1.5210560170012029,1.1365604709355177
1080,1181,5,Gold,164.64760077561306,12.479376027767811,1.94483629624262,8.308675638297872,-3.391632883656715,-0.635656888379315
1081,209,4,Silver,257.13512788821816,2.961001925134928,3.159091274812458,8.476371663043478,-13.171026497216731,1.1577095579416117
1082,2379,9,Gold,240.0872713848557,-1.4569334279075667,1.821039165677692,7.507898906521739,-6.347431265985295,-0.9176148858957004
1083,4437,8,Gold,262.18538928594114,-7.801430253125814,2.6490038771818893,7.029889,-6.17415362595807,2.692011253627863
1084,147,2,Bronze,173.3380051990698,-12.133655573716306,3.2617940106424026,9.126309,-6.301315284909507,0.5858228560752456
1085,886,3,Gold,338.16742013472657,-11.961174876433672,0.3901014264331682,7.570542,-12.57920670524438,-10.945756485690133
1086,685,4,Gold,269.773769301625,-5.820267260307027,6.449360919217498,7.701777311940298,-19.223443827735785,1.6286111724010883
1087,559,3,Gold,101.4963338999477,-11.664216895170496,1.441314421077365,8.234885012195122,-3.9165454417110577,0.8834163223873865
1088,199,3,Silver,176.5217102561067,-20.02892903530221,4.922107642203804,7.628438242647059,-2.0358121408045147,1.6489161623154232
1089,231,2,Bronze,19.225107579766085,-10.908705914664706,4.202206556720266,8.035191,-4.317239960802005,2.147219826311129
1090,604,4,Gold,162.79618657235974,4.8320923996340905,2.3209821717827444,8.35595397260274,-5.062284630176006,0.1510278589996272
1091,883,5,Gold,110.92778014629742,-15.875688804705288,2.33184010459535,8.089687759493671,-2.983340740568539,0.8909163845221166
1092,1695,6,Gold,102.02444107519436,-6.063823199003049,1.4932639227766409,8.22508828113879,-3.1308020597970616,1.9368122813984847
1093,398,3,Gold,40.462907655448106,-2.3350870300464948,1.541267783310197,8.26516007894737,-1.849045019100348,-0.407139063393684
1094,699,4,Silver,197.0538910031917,-22.090099928033407,3.26820996572494,7.541024367838313,-0.6275993598356973,-1.909067240269262
1095,560,4,Gold,29.457656862374773,-4.526386790925479,1.956913347408615,8.317956399159664,-1.4783694678947772,1.7140314748927656
1096,616,3,Gold,13.558597797993368,1.5848903732611128,2.121239138224822,7.855770305652174,0.4976705494035742,0.4806517709289963
1097,8376,14,Silver,206.7815005158947,-19.143509924310845,2.651544983942085,6.852264628523323,-2.222950685628793,2.1541126814121845
1098,324,3,Gold,201.6337863934453,-17.134536891245265,2.703545084564756,7.384493276699029,-4.603963473939613,1.3399707144960642
1099,639,4,Gold,58.33475032825075,7.966586654299934,3.4729477695352347,7.8862233,-7.044239777531953,5.786774529761285
1100,158,3,Bronze,40.3267191555552,8.949223115296984,3.659931007128831,8.5321234,6.501843162405745,1.577842261348842
1101,2110,4,Gold,65.55161446700245,14.829176786639607,2.8051216179770666,7.598508,-4.927615325257129,-0.275456100959634
1102,1927,6,Gold,46.51450378930464,16.96676444086519,2.89339589474126,7.555272136527514,-6.430329941441645,-0.7597338732573045
1103,1998,7,Gold,71.54823525860917,0.1600380937670757,2.5074894932891465,7.706207801261261,-1.864367787055326,0.2944752832446002
1104,569,3,Gold,92.77088875159396,-1.4823922631916973,2.35439454611812,7.4530535,-3.873148848431573,-0.4076642245627528
1105,199,3,Silver,345.3501325456319,-4.183389162951211,2.9448572582561843,9.294530576086956,3.512726014333996,5.028008242478365
1106,352,2,Bronze,109.833201904404,7.012764766649681,0.8764107628098592,8.403339,-4.713120050804081,0.997541866067887
1107,415,2,Gold,114.3224388782668,5.01662325106479,1.0551166147430624,8.024298,-6.033977117777026,-0.2325726667463772
1108,137,2,Gold,105.61470965555512,1.8497033295188128,0.992502243036682,8.407932,-6.466454107053519,0.6166113579566821
1109,455,2,Gold,15.763039626805307,-3.59169872735734,0.5597752789069277,7.8657866,0.9494347084331624,-0.53526336443577
1110,612,3,Gold,6.164346216971174,-1.3196938151423627,0.7669332489701317,6.411837,0.7347955814484461,-0.8168818642128114
1111,335,2,Gold,8.138932045947424,-2.142425431935996,0.6183054185484914,6.971358,2.114184306426933,0.9520763714259954
1112,273,2,Bronze,237.6600259152623,-8.041909257614623,1.572800755950107,7.728916065789474,-3.912951767122285,1.7529001036520384
1113,749,3,Silver,255.24712370849832,-1.0352226213909228,1.8713421888918864,6.881543,-6.087122781584965,1.2600685772838038
1114,1277,2,Silver,195.2269617547039,-11.994371185555472,2.5108996786779705,6.763815,-1.525305298624335,2.344543046278153
1115,824,2,Gold,172.27088657444992,0.6961120497349724,0.8828589079136624,8.304539,2.3564733434302862,0.1593230577374162
1116,264,2,Gold,162.33070121435742,-3.248691308099688,1.073428352276577,8.020909,-0.7794345535869744,-0.0286021909628606
1117,410,2,Gold,107.1700120295767,-12.08375879994882,1.4445424338593584,8.175135,-5.738248013511388,-0.331495476219787
1118,361,2,Gold,31.793469822565136,-7.571551707246933,0.951219909700609,8.189599257462687,-3.973841312119173,-0.1949093174788554
1119,1426,3,Gold,287.54504551636023,-0.621695531298013,0.4038700387237302,6.561551,-5.795248658645709,-0.4645532628649377
1120,422,3,Gold,28.099403322225264,0.465869331681065,0.4755183811042189,6.8394036,-1.7241856576592245,0.2446702145492198
1121,441,2,Gold,347.6107360494994,-0.6597055685870546,0.4009409962307497,6.435113637209303,-0.76458482439192,0.0719991291254765
1122,1026,3,Gold,331.9289542867715,-2.478916772354138,7.630026074427636,9.0984535,17.3312648369932,12.863234023914584
1123,217,2,Silver,114.5782468252584,14.138140056788345,2.916602060622329,6.7225165,-1.862827794308421,0.7137572275217994
1124,1318,2,Gold,56.215190607593,3.368402284280773,1.995412769569576,6.9663196,-5.721052907582898,-1.0817050013782952
1125,1046,3,Gold,314.6914868977891,-0.1937891840570196,0.4217396081212821,7.212826,-4.807875362383172,-0.1585687585200406
1126,1433,3,Gold,312.9575707310226,1.0286199899233657,1.3179010287264066,8.029895,-5.864449135542399,-2.0870856902638675
1127,1155,2,Gold,320.1386211976475,-2.9687770981295003,1.203370212400029,7.057806,-0.9643399762447054,-0.053927266149121
1128,552,2,Gold,324.3643005440538,1.7280645636035254,0.6897461207859151,8.501903,-4.412087402607615,-0.7413502315603638
1129,765,3,Gold,331.36206653347847,-1.8592567327026908,0.7598687952667579,7.7894073,-1.5242558564749449,-0.3628594061842609
1130,282,2,Gold,336.6614742465221,-1.575455367782121,0.8576840762207112,6.618362358490566,0.1296868916172663,-2.353825739642929
1131,562,2,Gold,349.9767923698245,-5.118469172609,0.7081560972156813,7.5337496,-0.0669168926652693,-0.5043296770407353
1132,351,3,Gold,355.69746559348454,-5.265164626237179,0.6849171445824083,7.7007465,0.2885114356141813,-0.962862421907422
1133,500,3,Gold,5.456086981971082,-2.3468571294142624,0.5586940706351411,6.800835,0.725481561405815,-0.0469413232362246
1134,850,2,Gold,122.82974641512952,22.364657221109933,0.5278986614076562,9.253809,-3.870599486977514,-0.3997273679213033
1135,582,2,Gold,16.447855869046023,-3.092957853015319,0.6374779580684655,9.299514,5.495069394159582,-5.3147120445494505
1136,434,2,Bronze,203.1455423302032,-6.163041224734856,0.4455933247303211,7.5871487,0.3972145039614935,-0.0839574321507432
1137,303,2,Gold,236.06206596865408,-4.633099285379163,0.5846576206331254,9.387786,4.296237816697495,-0.2647983445331423
1138,371,2,Gold,246.78368469242585,3.348187082420192,0.3660356668317956,6.933057,-2.959220686286616,0.7781821038451306
1139,407,2,Gold,228.95590670768684,4.502027500821609,0.4458443059656476,7.7026954,-4.801190668191825,0.7156972076519524
1140,421,2,Gold,287.4025036716173,-18.94757116395132,2.3334893452153627,8.02023,-11.335302751385196,1.909777866845574
1141,2654,3,Gold,116.36454622551126,0.0306929789424652,0.3446185609287874,6.851209,-4.501042032600138,-0.1929432559751693
1142,1302,2,Gold,112.31863484929738,-0.0879507064988125,0.3397591118713856,7.010071,-5.211791462572383,-0.2030143572634907
1143,404,2,Gold,99.71253780603836,-2.352276737561363,0.3492181259148971,7.110378,-3.102311222918864,-0.2221458305964487
1144,1869,2,Gold,188.75113588568044,2.6504260356860736,0.5346378130265107,6.9916563,0.8579843201900916,0.2144321936669532
1145,410,2,Gold,261.7163219662617,-9.142628474192954,0.6284171722269145,7.5294294,-5.003669647797464,-0.0320060236003283
1146,1089,2,Gold,251.8106620425876,11.63907903228001,1.0425429286720993,8.145212,-4.998166304727166,-1.391438082231434
1147,217,2,Silver,211.36541343416567,-22.873557920416275,3.2305948198264884,7.4327974,-8.3661638609927,3.4145511032390763
1148,185,2,Gold,316.83869793372605,-3.132964324920826,0.3512009669101713,8.399396,-4.826846009553259,-1.1592860528066962
1149,639,2,Gold,181.31362612833493,0.7073890082105028,0.6300482517547688,7.1767054,1.398887465601173,0.035674254472287
1150,18577,6,Silver,134.4559559720427,-1.758165295968385,0.41179964351073,6.9105244,-1.649610659833003,-0.3061474257730342
1151,932,2,Gold,104.58666481222346,2.1971264079503703,2.8741634050694764,8.236683,-13.737174425012691,-0.9963404757042604
1152,905,2,Silver,172.33157665391676,4.103665699255908,2.721033517652006,8.032047,-7.303893240788295,1.4157192321139922
1153,2724,2,Gold,115.51265049874824,-5.36878073465269,0.4879366314071395,8.584371,-2.6636065575235714,-0.945803233200352
1154,278,2,Gold,99.46726715906416,-2.422219542071121,0.4343469725835408,7.159276,-5.5602277064259615,5.715987513344499E-4
1155,966,3,Gold,56.27344596815898,9.33330076205721,0.824322317299561,8.957596,-5.033225896224046,-0.1083374592766395
1156,450,2,Gold,65.14204964763354,-2.3902277544885075,0.5439871873061128,7.932423,-1.9886247154834635,-0.1577352600584562
1157,766,2,Gold,270.83814461553186,-6.084901863908792,0.8711543104651579,8.062124,-4.646503005066062,0.6780808054194725
1158,638,2,Gold,225.98411561493373,-4.834555207194596,3.755081812404575,7.411273,2.518632082362969,2.017806312586692
1159,791,2,Gold,279.5014653931547,-1.0357194954933435,1.7778733779468847,8.2390995,-17.292834796279188,-0.0291749370249654
1160,420,2,Gold,298.7775247226782,-11.93699271106712,2.240807185097508,8.1196165,-6.183929786531525,1.7385673745092052
1161,791,2,Gold,335.4683370236763,-6.255559346591856,0.5867248306248023,9.287058,-5.289875989146726,1.2667313476015327
1162,811,2,Gold,95.11860995170169,-7.103924679610955,0.8133067677484145,8.45742,0.1014697410094285,0.1434363258284561
1163,424,2,Gold,79.56472959480175,6.835208241917924,0.6893311855213538,8.798407,-6.717281347068385,-1.0496850515412777
1164,1406,2,Gold,59.74067635773751,-0.1345262475052374,0.5065563526485546,7.0513115,-5.411653092445071,-0.2588862627567373
1165,283,2,Gold,60.116805955757805,-1.7789364127287275,0.4347519076002205,7.470061,-6.880352098502378,0.4875927444475235
1166,288,2,Gold,228.90672747101945,-3.889588855821162,0.7626776814016263,7.578628,-2.831641324093538,-0.9592672908095828
1167,508,2,Gold,240.82700282573683,-0.5261938571151645,0.9141360600777262,7.707629592964824,-3.693729990273128,-0.259679154227083
1168,1181,2,Gold,260.06970404683653,-3.830680035061184,0.6876955812777796,7.502905,-5.596121189349809,-0.4464697051657138
1169,502,2,Gold,256.1918813876732,1.961895775742193,0.9444360133515284,7.593703,-5.43741805127771,0.0733020366729222
1170,2842,2,Gold,283.14473040592384,-3.8861654476710648,0.972905026046921,8.133638,-5.8006453991193725,-0.0588704405260864
1171,736,2,Gold,316.88654327353214,-1.7653829772696177,0.9289978478599598,8.6422,-0.4089534667114176,-0.0821012792851401
1172,640,2,Gold,349.16644498819926,-1.7616912828677296,0.4291794195731823,7.1365023,-0.4972220605337807,-0.7224460024906779
1173,719,2,Gold,152.39024258929092,1.0503307697253756,1.29248484682598,7.8389173,-0.5312190151035017,-0.3153885348867107
1174,407,2,Bronze,140.4357689766938,1.8923633054372868,0.933866012222969,7.4248137,-1.961778227850529,0.6719516073729341
1175,243,2,Gold,139.1208291756857,0.506867512306745,1.1950889685302366,8.065592,-3.2493803784919377,0.6695713596061459
1176,1526,2,Gold,340.0979073567829,-7.8742087492216175,1.063398735414827,9.220275,-2.614052931309875,0.962581385639357
1177,283,2,Gold,30.519033689328484,0.2136110082419727,1.6041736652104273,6.882939,-3.919446272982389,-0.4444894768785148
1178,702,2,Silver,126.72824628770576,2.78908355962732,1.524662184631191,8.203878,-4.681868979683758,-1.904515496747253
1179,1210,2,Gold,43.43823976879554,-2.1686276787434355,1.1359869225115935,8.285432,-2.4470066663054157,-0.2542403446629852
